uniprot,chembl_target,molecule_id,smiles,pchembl_value,score,assay_type,predicted_score
P20309,CHEMBL245,CHEMBL5556228,COc1cc(C(=O)NCCCOc2cccc([C@](O)(C(=O)OCC3CCN(Cc4ccccc4)CC3)c3ccccc3)c2)c(F)cc1CNC[C@H](O)c1ccc(O)c2[nH]c(=O)ccc12,11.0,125,Ki,435.0
P20309,CHEMBL245,CHEMBL5527849,COc1cc(C(=O)NCCCOc2cccc([C@](O)(C(=O)OCC3CCN(CC4CC4)CC3)c3ccccc3)c2)c(F)cc1CNC[C@H](O)c1ccc(O)c2[nH]c(=O)ccc12.O=CO.O=CO,11.0,125,Ki,464.0
P20309,CHEMBL245,CHEMBL5527960,CCN1CCC(COC(=O)[C@](O)(c2ccccc2)c2cccc(OCCCNC(=O)c3cc(OC)c(CNC[C@H](O)c4ccc(O)c5[nH]c(=O)ccc45)cc3F)c2)CC1.O=C(O)C(F)(F)F.O=C(O)C(F)(F)F,10.9,137,Ki,396.0
P20309,CHEMBL245,CHEMBL5557828,COc1cc(C(=O)NCCCOc2cccc([C@](O)(C(=O)OCC3CCN(Cc4ccccc4)CC3)c3ccccc3)c2)ccc1CNC[C@H](O)c1ccc(O)c2[nH]c(=O)ccc12,10.7,163,Ki,464.0
P20309,CHEMBL245,CHEMBL3545181,C[N+]1(C)[C@@H]2C[C@@H](OC(=O)C(O)(c3cccs3)c3cccs3)C[C@H]1[C@@H]1O[C@@H]12.O.[Br-],10.6,175,Ki,466.0
P20309,CHEMBL245,CHEMBL521523,C[C@H]1CN(Cc2cccc(-c3cc(CNC(=O)c4cccc(CC5CCNCC5)c4)ccc3F)c2)CCN1,10.5,188,Ki,478.0
P20309,CHEMBL245,CHEMBL1924027,C[C@@](C(=O)OC1CC[N+](C)(C)CC1)(c1ccccc1)C1CCCC1.[Br-],10.5,188,IC50,455.0
P20309,CHEMBL245,CHEMBL3087959,CC(C(=O)OC1CC[N+](C)(C)CC1)(c1ccccc1)C1CCCC1,10.5,188,IC50,455.0
P20309,CHEMBL245,CHEMBL15936,c1cc2nsnc2c2c1CCNC2,4.0,1000,IC50,366.0
P20309,CHEMBL245,CHEMBL424214,CN1CCN(C(=O)C2=C/C(=C\c3ccncc3)c3ccccc32)CC1,4.01,999,Ki,475.0
P20309,CHEMBL245,CHEMBL4792675,O=C(CN1CCc2ccc(F)cc21)N1CCCC1,4.02,998,Ki,475.0
P20309,CHEMBL245,CHEMBL330885,CCN1CC=C(c2ccccc2)C(C(=O)OC)C1.O=C(O)C(=O)O,4.05,994,IC50,475.0
P20309,CHEMBL245,CHEMBL404866,Cl.Cl.OC(CCCN1CCN(CCCC(O)(c2ccccc2)c2ccccc2)CC1)(c1ccccc1)c1ccccc1,4.06,992,Ki,475.0
P20309,CHEMBL245,CHEMBL1983100,O=C(CN1CCNCC1)NC1CCCCC1,4.06,992,IC50,475.0
P20309,CHEMBL245,CHEMBL4756237,O=C(CN1CCCc2cnccc21)N1CCCC1,4.07,991,Ki,475.0
P20309,CHEMBL245,CHEMBL2391356,CC(C)NC(=O)CN1CCNCC1,4.08,990,IC50,475.0
P20309,CHEMBL245,CHEMBL23957,C[N+](C)(C)CC#CCN1CCCC1=O.[I-],5.75,781,EC50,455.0
P20309,CHEMBL245,CHEMBL1242950,CCCCC1CCN(CCCC(=O)c2ccccc2C)CC1,5.55,806,Ki,475.0
P20309,CHEMBL245,CHEMBL3301612,COC(=O)N[C@@H](C)CNc1nccc(-c2cn(C(C)C)nc2-c2cc(Cl)cc(NS(C)(=O)=O)c2F)n1,5.06,868,AC50,391.0
P20309,CHEMBL245,CHEMBL831,CN1CCN(C2=Nc3ccccc3Oc3ccc(Cl)cc32)CC1,5.85,769,AC50,475.0
P30872,CHEMBL1917,CHEMBL3349516,C[C@H](N)C(=O)NCC(=O)N[C@H]1CSSC[C@@H](C(N)=O)NC(=O)[C@H](C)NC(=O)[C@H]([C@@H](C)O)NC(=O)[C@H](Cc2ccccc2)NC(=O)[C@H]([C@@H](C)O)NC(=O)[C@H](CCCCN)NC(=O)[C@H](Cc2c[nH]c3ccccc23)NC(=O)[C@H](Cc2ccccc2)NC(=O)[C@H](Cc2ccccc2)NC(=O)[C@H](CC(N)=O)NC(=O)[C@H](CCCCN)NC1=O,9.8,275,Ki,499.0
P30872,CHEMBL1917,CHEMBL558161,CC(C)NCc1ccc(C[C@@H]2NC(=O)[C@@H](N(C)C(=O)c3ccc4ccccc4c3)NC(=O)[C@H](Cc3ccccc3)NC(=O)[C@@H](NC(=O)[C@H](N)Cc3ccc(O)cc3)CSSC[C@@H](C(=O)N[C@H](C(N)=O)[C@@H](C)O)NC(=O)[C@H](Cc3ccccc3)NC2=O)cc1,9.72,285,IC50,499.0
P30872,CHEMBL1917,CHEMBL3349522,C[C@H](N)C(=O)N[C@@H](C)C(=O)N[C@H]1CSSC[C@@H](C(N)=O)NC(=O)[C@H](CO)NC(=O)[C@H]([C@@H](C)O)NC(=O)[C@H](Cc2ccccc2)NC(=O)[C@H]([C@@H](C)O)NC(=O)[C@H](CCCCN)NC(=O)[C@H](Cc2c[nH]c3ccccc23)NC(=O)[C@H](Cc2ccccc2)NC(=O)[C@H](Cc2ccccc2)NC(=O)[C@H](CC(N)=O)NC(=O)[C@H](CCCCN)NC1=O,9.7,288,Ki,526.0
P30872,CHEMBL1917,CHEMBL3349521,C[C@H](N)C(=O)NCC(=O)N[C@H]1CSSC[C@@H](C(N)=O)NC(=O)[C@H](CO)NC(=O)[C@H]([C@@H](C)O)NC(=O)[C@H](Cc2ccccc2)NC(=O)[C@H]([C@@H](C)O)NC(=O)[C@H](CCCCN)NC(=O)[C@H](Cc2c[nH]c3ccccc23)NC(=O)[C@H](Cc2ccccc2)NC(=O)[C@H](Cc2ccccc2)NC(=O)[C@H](C)NC(=O)[C@H](CCCCN)NC1=O,9.6,300,Ki,526.0
P30872,CHEMBL1917,CHEMBL440072,C[C@H](N)C(=O)NCC(=O)N[C@@H]1CSSC[C@@H](C(=O)O)NC(=O)[C@H](CO)NC(=O)[C@@H]([C@@H](C)O)NC(=O)[C@H](CCCCN)NC(=O)[C@@H](Cc2c[nH]c3ccccc23)NC(=O)[C@H](Cc2ccccc2)NC(=O)[C@@H](Cc2ccccc2)NC(=O)[C@H](CC(N)=O)NC(=O)[C@@H](CCCCN)NC1=O,9.54,308,Kd,526.0
P30872,CHEMBL1917,CHEMBL3098601,C[C@H](N)C(=O)NCC(=O)N[C@H]1C/C=C\C[C@@H](C(N)=O)NC(=O)[C@H](CO)NC(=O)[C@H]([C@@H](C)O)NC(=O)[C@H](Cc2ccccc2)NC(=O)[C@H]([C@@H](C)O)NC(=O)[C@H](CCCCN)NC(=O)[C@H](Cc2c[nH]c3ccccc23)NC(=O)[C@H](Cc2ccccc2)NC(=O)[C@H](Cc2ccccc2)NC(=O)[C@H](CC(N)=O)NC(=O)[C@H](CCCCN)NC1=O,9.51,311,Ki,526.0
P30872,CHEMBL1917,CHEMBL408362,C[C@H](N)C(=O)NCC(=O)N[C@@H]1CSSC[C@@H](C(=O)O)NC(=O)[C@H](CO)NC(=O)[C@@H]([C@@H](C)O)NC(=O)[C@H](Cc2ccccc2)NC(=O)[C@@H]([C@@H](C)O)NC(=O)[C@H](CCCCN)NC(=O)[C@@H](Cc2c[nH]c3ccccc23)NC(=O)[C@H](Cc2ccccc2)NC(=O)[C@H](Cc2ccccc2)NC(=O)[C@H](CC(N)=O)NC(=O)[C@@H](CCCCN)NC1=O,9.42,322,Ki,499.0
P30872,CHEMBL1917,CHEMBL3349517,C[C@H](N)C(=O)NCC(=O)N[C@H]1CSSC[C@@H](C(N)=O)NC(=O)[C@H](CO)NC(=O)[C@H](C)NC(=O)[C@H](Cc2ccccc2)NC(=O)[C@H]([C@@H](C)O)NC(=O)[C@H](CCCCN)NC(=O)[C@H](Cc2c[nH]c3ccccc23)NC(=O)[C@H](Cc2ccccc2)NC(=O)[C@H](Cc2ccccc2)NC(=O)[C@H](CC(N)=O)NC(=O)[C@H](CCCCN)NC1=O,9.3,337,Ki,499.0
P30872,CHEMBL1917,CHEMBL6036749,CN1CCC(NC(=O)C(C)(C)COc2ncccc2C(F)(F)F)CC1,4.2,975,IC50,435.0
P30872,CHEMBL1917,CHEMBL6064085,CN(C(=O)C(C)(C)COc1ncccc1C(F)(F)F)[C@H]1CCNC[C@@H]1c1ccccc1,4.3,962,IC50,474.0
P30872,CHEMBL1917,CHEMBL5816114,Cc1ncccc1[C@H]1CNCC[C@@H]1N(C)C(=O)C(C)(C)COc1ncccc1C(F)(F)F,4.4,950,IC50,474.0
P30872,CHEMBL1917,CHEMBL6000561,C[C@@H]1C[C@H](NC(=O)C(F)(F)COc2ncccc2C2CC2)CCN1C,4.4,950,IC50,465.0
P30872,CHEMBL1917,CHEMBL5749523,C[C@H]1CN(C)CC[C@@H]1NC(=O)C(F)(F)COc1ncccc1OC(F)(F)F,4.4,950,IC50,466.0
P30872,CHEMBL1917,CHEMBL5742899,C[C@H]1CNCC[C@@H]1NC(=O)C(F)(F)COc1ncccc1C(F)(F)F,4.4,950,IC50,465.0
P30872,CHEMBL1917,CHEMBL5593741,C[C@H]1CNCC[C@@H]1NC(=O)C(F)(F)Oc1ccccc1,4.47,941,IC50,749.0
P30872,CHEMBL1917,CHEMBL6045133,CC[C@@H]1CN(C)CC[C@@H]1NC(=O)C(C)(C)COc1ncccc1OC(F)(F)F,4.5,938,IC50,474.0
P30872,CHEMBL1917,CHEMBL368176,O=C(Nc1ccc(F)cc1F)N[C@H](Cc1c[nH]c2ccccc12)c1nc(-c2ccccc2)c[nH]1,5.58,802,Ki,435.0
P30872,CHEMBL1917,CHEMBL162140,CC(C)(C(=O)NCCc1c[nH]c2ccccc12)c1cn2cc(-c3csc4ccccc34)nc(CCCN)c2n1,5.4,825,Ki,435.0
P30872,CHEMBL1917,CHEMBL5570432,C[C@H]1CN(C)CC[C@@H]1NC(=O)C1(Cc2ccc(Cl)cc2)CC1,5.44,820,IC50,564.0
P30872,CHEMBL1917,CHEMBL5934220,Cc1cccn2c(C(C)(C)NC(=O)[C@H]3[C@@H]4CNC[C@@H]43)ncc12,5.18,852,Ki,474.0
P30550,CHEMBL4959,CHEMBL413196,CSCC[C@H](NC(=O)[C@H](CC(C)C)NC(=O)[C@H](Cc1c[nH]cn1)NC(=O)CNC(=O)[C@@H](NC(=O)[C@H](C)NC(=O)[C@H](Cc1c[nH]c2ccccc12)NC(=O)[C@H](Cc1c[nH]cn1)NC(=O)[C@H](CC(N)=O)NC(=O)CNC(=O)[C@H](CCCN=C(N)N)NC(=O)[C@@H]1CCCN1C(=O)[C@H](Cc1ccc(O)cc1)NC(=O)[C@H](CCSC)NC(=O)[C@H](CCCCN)NC(=O)[C@@H](NC(=O)[C@H](CC(C)C)NC(=O)[C@@H](NC(=O)[C@@H](NC(=O)CNC(=O)CNC(=O)CNC(=O)[C@H](C)NC(=O)[C@@H]1CCCN1C(=O)[C@H](CC(C)C)NC(=O)[C@@H]1CCCN1C(=O)[C@@H](N)C(C)C)[C@@H](C)O)C(C)C)[C@@H](C)O)C(C)C)C(=O)O,10.4,200,Ki,623.0
P30550,CHEMBL4959,CHEMBL2371725,CSCCC[C@H](NC(=O)[C@H](CC(C)C)NC(=O)[C@H](Cc1c[nH]cn1)NC(=O)CNC(=O)[C@@H](NC(=O)[C@H](C)NC(=O)[C@H](Cc1c[nH]c2ccccc12)NC(=O)[C@H](CCC(N)=O)NC(=O)[C@H](CC(N)=O)NC(=O)CNC(=O)[C@H](Cc1ccc(O)cc1)NC(=O)[C@H](CCCN=C(N)N)NC(=O)[C@H](CCC(N)=O)NC(=O)[C@@H]1CCCN1C(=O)C(CNCCN)CNCCN)C(C)C)C(N)=O,9.775,278,IC50,623.0
P30550,CHEMBL4959,CHEMBL437027,CSCC[C@H](NC(=O)[C@H](CC(C)C)NC(=O)[C@H](Cc1cnc[nH]1)NC(=O)CNC(=O)[C@@H](NC(=O)[C@H](C)NC(=O)[C@H](Cc1c[nH]c2ccccc12)NC(=O)[C@H](CCC(N)=O)NC(=O)[C@H](CC(N)=O)NC(=O)CNC(=O)[C@H](CC(C)C)NC(=O)[C@H](CCCNC(=N)N)NC(=O)[C@H](CCC(N)=O)NC(=O)[C@@H]1CCC(=O)N1)C(C)C)C(N)=O,9.705,287,Ki,592.0
P30550,CHEMBL4959,CHEMBL414307,CSCC[C@H](NC(=O)[C@H](CC(C)C)NC(=O)[C@H](Cc1c[nH]cn1)NC(=O)CNC(=O)[C@@H](NC(=O)[C@H](C)NC(=O)[C@H](Cc1c[nH]c2ccccc12)NC(=O)[C@H](CCC(N)=O)NC(=O)COCC(=O)Nc1ccc(CC(CNCCN)CNCCN)cc1)C(C)C)C(N)=O,9.645,294,IC50,621.0
P30550,CHEMBL4959,CHEMBL272335,CSCC[C@H](NC(=O)[C@H](CC(C)C)NC(=O)[C@H](Cc1cnc[nH]1)NC(=O)CNC(=O)[C@@H](NC(=O)[C@H](C)NC(=O)[C@H](Cc1c[nH]c2ccccc12)NC(=O)[C@H](CCC(N)=O)NC(=O)CCCCCCCNC(=O)CCCCCN)C(C)C)C(N)=O,9.43,321,EC50,499.0
P30550,CHEMBL4959,CHEMBL2371724,CCCCC[C@H](NC(=O)[C@H](CC(C)C)NC(=O)[C@H](Cc1c[nH]cn1)NC(=O)CNC(=O)[C@@H](NC(=O)[C@H](C)NC(=O)[C@H](Cc1c[nH]c2ccccc12)NC(=O)[C@H](CCC(N)=O)NC(=O)[C@H](CC(N)=O)NC(=O)CNC(=O)[C@H](Cc1ccc(O)cc1)NC(=O)[C@H](CCCN=C(N)N)NC(=O)[C@H](CCC(N)=O)NC(=O)[C@@H]1CCCN1C(=O)C(CNCCN)CNCCN)C(C)C)C(N)=O,9.265,342,IC50,623.0
P30550,CHEMBL4959,CHEMBL3401466,CC(C)C[C@H](NC(=O)C[C@H](O)[C@H](CC(C)C)NC(=O)[C@H](Cc1cnc[nH]1)NC(=O)CNC(=O)[C@@H](NC(=O)[C@H](C)NC(=O)[C@H](Cc1c[nH]c2ccccc12)NC(=O)[C@H](CCC(N)=O)NC(=O)[C@@H](Cc1ccccc1)NC(=O)CN1CCC(NC(=O)Cn2cc(C[N+](C)(C)C[B-](F)(F)F)nn2)CC1)C(C)C)C(N)=O,9.26,342,IC50,487.0
P30550,CHEMBL4959,CHEMBL2372319,CSCC[C@H](NC(=O)[C@H](CC(C)C)NC(=O)[C@H](Cc1cnc[nH]1)NC(=O)CNC(=O)[C@@H](NC(=O)[C@H](C)NC(=O)[C@H](Cc1c[nH]c2ccccc12)NC(=O)[C@H](CCC(N)=O)NC(=O)[C@H](CC(N)=O)NC(=O)CNC(=O)[C@H](CC(C)C)NC(=O)[C@H](CCCNC(=N)N)NC(=O)[C@H](CCC(N)=O)NC(=O)CCCCCNC(=O)[C@H](CS)NC(=O)CNC(=O)CN)C(C)C)C(N)=O,9.23,346,IC50,592.0
P30550,CHEMBL4959,CHEMBL87079,C[C@@](Cc1c[nH]c2ccccc12)(NC(=O)Nc1ccccc1)C(=O)NCC1(c2ccccn2)CCCCC1,5.96,755,Ki,633.0
P30550,CHEMBL4959,CHEMBL89813,C[C@@](Cc1c[nH]c2ccccc12)(NC(=O)Nc1ccccc1[N+](=O)[O-])C(=O)NCC1(c2ccccn2)CCCCC1,5.9,762,Ki,653.0
P30550,CHEMBL4959,CHEMBL1091720,CCC(C)(C)Cc1c[nH]c(CCc2ccc(-c3ccccn3)cc2)n1,5.19,851,IC50,742.0
P30550,CHEMBL4959,CHEMBL328591,CC(C)c1cccc(C(C)C)c1NC(=O)N(C)C(Cc1c[nH]c2ccccc12)C(=O)NCC1CCCCC1,5.82,772,Ki,732.0
P25021,CHEMBL1941,CHEMBL194837,Cc1cc(OCCN(C)C)nc2ccc(NC(=O)COc3ccc(Cl)cc3Cl)cc12,9.06,367,IC50,445.0
P25021,CHEMBL1941,CHEMBL1627,CNC(=O)C(CCN1CCC(O)(c2ccc(Cl)cc2)CC1)(c1ccccc1)c1ccccc1,8.77,404,Ki,475.0
P25021,CHEMBL1941,CHEMBL5276441,CN(C)Cc1ccc(CSCCNc2nonc2NCCCc2ccccc2)o1,8.7,413,Ki,485.0
P25021,CHEMBL1941,CHEMBL4875600,Cc1nc(N)sc1CCCN/C(N)=N/C(=O)NC(C)c1cccc(F)c1,8.69,414,Ki,425.0
P25021,CHEMBL1941,CHEMBL1090526,COc1nccnc1[C@H](C)C1=C(CCN(C)C)Cc2cc(F)ccc21,8.35,456,Ki,441.0
P25021,CHEMBL1941,CHEMBL4860528,CCCCCNC(=O)/N=C(\N)NCCCc1sc(N)nc1C,8.35,456,Ki,485.0
P25021,CHEMBL1941,CHEMBL3544974,CN1CC2c3ccccc3Oc3ccc(Cl)cc3C2C1.O=C(O)/C=C\C(=O)O,8.24,470,Ki,400.0
P25021,CHEMBL1941,CHEMBL5207281,CCCCCNC(=O)/N=C(\N)NCCCc1nnc(N)s1.O=C(O)C(F)(F)F.O=C(O)C(F)(F)F,8.215,473,Ki,485.0
P25021,CHEMBL1941,CHEMBL102390,CC(=O)c1ccc(OCCCN2CC[C@H](NC(=O)[C@@H](CO)NC(=O)OC(C)(C)C)C2)cc1,4.0,1000,Ki,475.0
P25021,CHEMBL1941,CHEMBL105483,CCOC(=O)N1CCN(CCCOc2ccc(-c3ccc(OC)cc3)cc2)CC1,4.0,1000,Ki,475.0
P25021,CHEMBL1941,CHEMBL61120,NCCC(=O)N1CCN(CCCOc2ccc(C(=O)C3CC3)cc2)CC1,4.0,1000,Ki,485.0
P25021,CHEMBL1941,CHEMBL105567,CCOC(=O)N1CCN(CCCOc2ccc(-c3ccsc3)cc2)CC1,4.01,999,Ki,485.0
P25021,CHEMBL1941,CHEMBL59733,N[C@H](Cc1nccs1)C(=O)N1CCN(CCCOc2ccc(C(=O)C3CC3)cc2)CC1,4.01,999,Ki,475.0
P25021,CHEMBL1941,CHEMBL5395401,CCN(CC)CCCC(C)Nc1cnc(C(=O)Nc2ccc(Cl)c3cccnc23)cn1,4.04,995,Ki,396.0
P25021,CHEMBL1941,CHEMBL60435,O=C(c1ccc(OCCCN2CCN(C(=O)C[C@H]3CCCN3)CC2)cc1)C1CC1,4.05,994,Ki,465.0
P25021,CHEMBL1941,CHEMBL61792,N[C@H](Cc1c[nH]cn1)C(=O)N1CCN(CCCOc2ccc(C(=O)C3CC3)cc2)CC1,4.05,994,Ki,445.0
P25021,CHEMBL1941,CHEMBL64894,CN(C)c1ccc(C(=C2C=CC(=[N+](C)C)C=C2)c2ccc(N(C)C)cc2)cc1.[Cl-],5.945,757,IC50,495.0
P25021,CHEMBL1941,CHEMBL59898,CCOC(=O)c1c(C)[nH]c2ccc3c(c12)CN1CCc2cc(OC)ccc2C1O3,5.55,806,Ki,495.0
P25021,CHEMBL1941,CHEMBL1112,O=C1CCc2ccc(OCCCCN3CCN(c4cccc(Cl)c4Cl)CC3)cc2N1,5.66,792,AC50,485.0
P25021,CHEMBL1941,CHEMBL1200776,C[C@@H](NCCCc1cccc(C(F)(F)F)c1)c1cccc2ccccc12.Cl,5.58,802,Ki,475.0
P41145,CHEMBL237,CHEMBL4109154,CO[C@]12CC[C@@]3(C[C@@H]1COCc1ccc(C(N)=O)cc1)[C@H]1Cc4ccc(O)c5c4[C@@]3(CCN1CC1CC1)[C@H]2O5,10.85,144,Ki,531.0
P41145,CHEMBL237,CHEMBL2338742,CO[C@]12CC[C@@]3(C[C@@H]1[C@H](O)CC1CCCCC1)[C@H]1Cc4ccc(O)c5c4[C@@]3(CCN1CC1CC1)[C@H]2O5,10.82,147,Ki,531.0
P41145,CHEMBL237,CHEMBL4859512,COc1ccc(CNc2cccc([C@H]3C[C@@]45CC[C@]3(OC)[C@@H]3Oc6c(O)ccc7c6[C@@]34CCN(CC3CC3)[C@@H]5C7)c2)cc1,10.8,150,Ki,535.0
P41145,CHEMBL237,CHEMBL4071862,Cl.Oc1cccc(CCN(CCc2ccccc2)CC2CCCC2)c1,10.77,154,Ki,487.0
P41145,CHEMBL237,CHEMBL2338716,CO[C@]12CC[C@@]3(C[C@@H]1[C@H](O)CCC1CCCCC1)[C@H]1Cc4ccc(O)c5c4[C@@]3(CCN1CC1CC1)[C@H]2O5,10.72,160,Ki,531.0
P41145,CHEMBL237,CHEMBL2338717,CO[C@]12CC[C@@]3(C[C@@H]1[C@H](O)Cc1ccccc1)[C@H]1Cc4ccc(O)c5c4[C@@]3(CCN1CC1CC1)[C@H]2O5,10.7,163,Ki,531.0
P41145,CHEMBL237,CHEMBL4108017,CO[C@]12CC[C@@]3(C[C@@H]1COCc1ccccc1)[C@H]1Cc4ccc(F)c5c4[C@@]3(CCN1CC1CC1)[C@H]2O5,10.7,163,Ki,531.0
P41145,CHEMBL237,CHEMBL2338718,CO[C@]12CC[C@@]3(C[C@@H]1[C@H](O)CCc1ccccc1)[C@H]1Cc4ccc(O)c5c4[C@@]3(CCN1CC1CC1)[C@H]2O5,10.6,175,Ki,531.0
P41145,CHEMBL237,CHEMBL3967811,COCCOCCOCCOCCO[C@H]1C=CC2C3Cc4ccc(OC)c5c4[C@@]2(CCN3C)C1O5,4.01,999,Ki,620.0
P41145,CHEMBL237,CHEMBL5803774,COCCOCCOCCOCCO[C@H]1C=CC2[C@H](N(C)C)Cc3ccc(OC)c4c3[C@@]2(C)[C@H]1O4,4.01,999,Ki,620.0
P41145,CHEMBL237,CHEMBL475496,CCCCN1CN(c2ccccc2)C2(CCN(C(c3ccccc3Cl)c3ccccc3Cl)CC2)C1=O,4.09,989,Ki,415.0
P41145,CHEMBL237,CHEMBL3911284,COCCOCCOCCOCCOCCOCCOCCOCCOCCO[C@H]1C=CC2C3Cc4ccc(OC)c5c4[C@@]2(CCN3C)C1O5,4.14,982,Ki,441.0
P41145,CHEMBL237,CHEMBL5749907,COCCOCCOCCOCCOCCOCCOCCOCCOCCO[C@H]1C=CC2[C@H](N(C)C)Cc3ccc(OC)c4c3[C@@]2(C)[C@H]1O4,4.14,982,Ki,534.0
P41145,CHEMBL237,CHEMBL233501,N#Cc1ccc(C2(O)CCN(C(c3ccccc3)c3ccccc3)CC2)cc1,4.21,974,Ki,485.0
P41145,CHEMBL237,CHEMBL3933053,COCCOCCOCCOCCOCCO[C@H]1C=CC2C3Cc4ccc(OC)c5c4[C@@]2(CCN3C)C1O5,4.23,971,Ki,606.0
P41145,CHEMBL237,CHEMBL5900914,COCCOCCOCCOCCOCCO[C@H]1C=CC2[C@H](N(C)C)Cc3ccc(OC)c4c3[C@@]2(C)[C@H]1O4,4.23,971,Ki,601.0
P41145,CHEMBL237,CHEMBL2426364,O=C(c1ccc(C(=O)N2CCC(N3CCCC3)CC2)c(Nc2ccccc2)c1)N1CCC(N2CCCC2)CC1,5.4,825,Ki,425.0
P41145,CHEMBL237,CHEMBL5170333,O=C1N[C@H](Cc2ccccc2)C(=O)N2CCC[C@@H]2C(=O)N[C@H](Cc2ccccc2)C(=O)N[C@H]1Cc1c[nH]c2ccccc12,5.59,801,Ki,724.0
P41145,CHEMBL237,CHEMBL127814,COc1ccc(C[C@H]2CN3C(=NC[C@@H]3C)N2C(C)C23CC4CC(CC(C4)C2)C3)cc1,5.82,772,IC50,551.0
P41145,CHEMBL237,CHEMBL570645,CCN(CC)C(=O)c1ccc(N(c2cccc(OC)c2)C2CCN(CCc3cccs3)CC2)cc1,5.19,851,Ki,425.0
P25025,CHEMBL2434,CHEMBL4442431,C[C@@H](C(=O)[N-]S(C)(=O)=O)c1ccc(OS(=O)(=O)C(F)(F)F)cc1.[Na+],10.0,250,IC50,691.0
P25025,CHEMBL2434,CHEMBL4128926,CC(C)(C)NS(=O)(=O)c1ccc(-c2sc(C(=O)N[C@H]3C[C@H](C(=O)O)C3)nc2CC2CCCCC2)c2ccccc12,9.62,298,IC50,663.0
P25025,CHEMBL2434,CHEMBL4562140,C[C@@H](Oc1cc(NS(=O)(=O)N2CCC2)nc(SCc2cccc(F)c2F)n1)[C@@H](O)CO,9.61,299,Ki,603.0
P25025,CHEMBL2434,CHEMBL4072270,CC1=CCC[C@H]1NC(=O)Nc1ccc(Cl)c(S(=O)(=O)[C@@H]2CC[C@@H](O)C2)c1O,9.6,300,IC50,571.0
P25025,CHEMBL2434,CHEMBL4062361,CC1=CCC[C@H]1NC(=O)Nc1ccc(Cl)c(S(=O)(=O)C(C)(C)C2COC2)c1O,9.6,300,IC50,624.0
P25025,CHEMBL2434,CHEMBL4060139,CC(C)(CCO)S(=O)(=O)c1c(Cl)ccc(NC(=O)N[C@@H]2CCC=C2Cl)c1O,9.6,300,IC50,571.0
P25025,CHEMBL2434,CHEMBL4066818,CC1=CCCC1NC(=O)Nc1ccc(Cl)c(S(=O)(=O)C(C)C)c1O,9.4,325,IC50,603.0
P25025,CHEMBL2434,CHEMBL218115,CC[C@@H](Nc1c(Nc2cccc(C(=O)N(C)C)c2O)c(=O)c1=O)c1ccco1,9.365,329,IC50,624.0
P25025,CHEMBL2434,CHEMBL209121,CN(c1ccccc1O)c1c(Nc2ccccc2)c(=O)c1=O,4.54,932,IC50,534.0
P25025,CHEMBL2434,CHEMBL241514,Cc1ccc(NC(=O)Nc2ccccc2)c(O)c1,4.6,925,IC50,534.0
P25025,CHEMBL2434,CHEMBL5179345,C[C@H](CO)Nc1nc(SCc2cccc(F)c2F)nc2ccsc12,4.685,914,IC50,724.0
P25025,CHEMBL2434,CHEMBL233552,O=S1(=O)N=C(NC2CCCC2)Nc2c(O)cc(Cl)cc21,4.7,912,IC50,603.0
P25025,CHEMBL2434,CHEMBL233551,CC[C@@H](C)NC1=NS(=O)(=O)c2cc(Cl)cc(O)c2N1,4.82,898,IC50,604.0
P25025,CHEMBL2434,CHEMBL2349317,CCC[C@H](CO)Nc1nc(S[C@@H](C)c2cccc(C#N)c2)nc2nc(N)sc12,4.89,889,Ki,604.0
P25025,CHEMBL2434,CHEMBL24912,O=C(Nc1ccccc1)Nc1cc([N+](=O)[O-])ccc1O,4.96,880,IC50,475.0
P25025,CHEMBL2434,CHEMBL4800160,CC1CCCc2sc(NC(=S)Nc3ccc(OC(F)(F)F)cc3)c(C(=O)OC(C)(C)C)c21,4.97,879,IC50,674.0
P25025,CHEMBL2434,CHEMBL3956663,Cc1ccc(C(Nc2c(Nc3cccc(C(=O)N(C)C)c3O)c(=O)c2=O)[C@@H]2COC(C)(C)O2)o1,5.9,762,IC50,674.0
P25025,CHEMBL2434,CHEMBL3354830,CC(C)S(=O)(=O)c1c(Cl)ccc(Nc2nc(=O)cc(-c3cccn3C)[nH]2)c1O,5.6,800,IC50,672.0
P25025,CHEMBL2434,CHEMBL4795585,CCOC(=O)c1c(NC(=S)Nc2ccc(C(C)(C)C)cc2)sc2c1C(C)CCC2,5.16,855,IC50,603.0
P25025,CHEMBL2434,CHEMBL4776480,CC(C)(C)OC(=O)c1c(NC(=S)Nc2ccc(F)cc2)sc2c1CCOC2,5.96,755,IC50,673.0
P25103,CHEMBL249,CHEMBL281797,O=C(NCc1cc(C(F)(F)F)cc(C(F)(F)F)c1)c1c(CBr)nc2ccccc2c1-c1ccccc1,11.0,125,IC50,420.0
P25103,CHEMBL249,CHEMBL26761,CNCc1nc2ccccc2c(-c2ccccc2)c1C(=O)NCc1cc(C(F)(F)F)cc(C(F)(F)F)c1,10.96,130,IC50,475.0
P25103,CHEMBL249,CHEMBL3215877,COc1ccc(OC(F)(F)F)cc1CN[C@H]1CCCN[C@H]1c1ccccc1.Cl.Cl,10.92,135,IC50,391.0
P25103,CHEMBL249,CHEMBL1214024,CC(C)C[C@H](NC(=O)[C@@H]1CCCN1C(=O)[C@@H]1NC(=O)[C@H](Cc2ccccc2)NC(=O)CNC(=O)[C@@H](NC(=O)[C@@H](N)Cc2ccc(O)cc2)C(C)(C)SSC1(C)C)C(=O)N[C@@H](Cc1c[nH]c2ccccc12)C(=O)NCc1cc(C(F)(F)F)cc(C(F)(F)F)c1,10.91,136,IC50,474.0
P25103,CHEMBL249,CHEMBL507340,CSCC[C@H](NC(=O)[C@H](Cc1ccccc1)NC(=O)CNC(=O)[C@@H](C)NC(=O)[C@@H](N)Cc1ccc(O)cc1)C(=O)N1CCC[C@H]1C(=O)N[C@@H](CC(C)C)C(=O)N[C@@H](Cc1c[nH]c2ccccc12)C(=O)NCc1cc(C(F)(F)F)cc(C(F)(F)F)c1,10.9,137,IC50,575.0
P25103,CHEMBL249,CHEMBL3609620,Cc1cc(O)cc(C)c1C[C@H](N)C(=O)N[C@H](C)C(=O)N[C@@H](Cc1c[nH]c2ccccc12)C(=O)OCc1cc(C(F)(F)F)cc(C(F)(F)F)c1,10.8,150,Ki,383.0
P25103,CHEMBL249,CHEMBL1951813,Cc1cc(F)ccc1[C@H]1CN(C(=O)C(N)=O)CC[C@@H]1C(=O)N(C)[C@@H](C)c1cc(C(F)(F)F)cc(C(F)(F)F)c1,10.77,154,IC50,358.0
P25103,CHEMBL249,CHEMBL1766208,CSCC[C@H](NC(=O)[C@H](Cc1ccccc1)NC(=O)CNC(=O)[C@@H](C)NC(=O)[C@@H](N)Cc1c(C)cc(O)cc1C)C(=O)N1CCC[C@H]1C(=O)N[C@@H](CC(C)C)C(=O)N[C@@H](Cc1c[nH]c2ccccc12)C(=O)NCc1cc(C(F)(F)F)cc(C(F)(F)F)c1,10.74,157,IC50,579.0
P25103,CHEMBL249,CHEMBL432620,CN(Cc1ccccc1)C(=O)[C@@H](Cc1ccccc1)NC(=O)[C@H]1CCCN1/C(S)=N/c1ccccc1[N+](=O)[O-],4.0,1000,IC50,499.0
P25103,CHEMBL249,CHEMBL320762,CN(C(=O)[C@H](Cc1ccccc1)NC(=O)[C@@H]1CCCN1/C(S)=N/Cc1ccccc1Cl)c1ccccc1,4.0,1000,IC50,531.0
P25103,CHEMBL249,CHEMBL1916635,COC(=O)C1=C2CCC(C(=O)N[C@@H](CCc3c[nH]c4ccccc34)C(=O)N(C)Cc3ccccc3)N2C(=O)C(NC(=O)OCc2ccccc2)C1,4.0,1000,Ki,435.0
P25103,CHEMBL249,CHEMBL515179,C[C@@]12NC(=O)[C@@H](C[C@@]13c1ccccc1N1C(=O)CN[C@@H]13)n1c2nc2ccccc2c1=O,4.02,998,Ki,556.0
P25103,CHEMBL249,CHEMBL2111789,CC(C)[C@@H]1NC(=O)CNC(=O)[C@@H]2CCCN2C(=O)[C@H](Cc2c[nH]c3ccccc23)NC(=O)CNC(=O)[C@H](Cc2ccc(OC(C)(C)C)cc2)NC(=O)CNC1=O,4.03,996,Ki,391.0
P25103,CHEMBL249,CHEMBL106092,CN(Cc1ccccc1)C(=O)[C@H](Cc1ccc2ccccc2c1)NC(=O)[C@@H]1CCCN1C(=O)Nc1ccccc1[N+](=O)[O-],4.08,990,IC50,499.0
P25103,CHEMBL249,CHEMBL1916633,COC(=O)C1=C2CCC(C(=O)N[C@@H](CCc3c[nH]c4ccccc34)C(=O)NCc3cc(C(F)(F)F)cc(C(F)(F)F)c3)N2C(=O)C(NC(C)=O)C1,4.1,988,Ki,484.0
P25103,CHEMBL249,CHEMBL2370511,COc1ccc(CC2NC(=O)CNC(=O)[C@H](C(C)C)NC(=O)CNC(=O)[C@@H]3CCCN3C(=O)[C@@H](Cc3c[nH]c4ccccc34)NC(=O)CNC2=O)cc1,4.14,982,Ki,474.0
P25103,CHEMBL249,CHEMBL1760200,COc1ccccc1N1CCN(C(=O)c2cc(-c3ccccc3)n[nH]2)CC1,5.17,854,Ki,519.0
P25103,CHEMBL249,CHEMBL96956,FC(F)(F)c1ccccc1CNC1C2CC3CCC(C2)N3[C@H]1C(c1ccccc1)c1ccccc1,5.96,755,IC50,356.0
P25103,CHEMBL249,CHEMBL318629,FC(F)(F)c1ccccc1CNC1C2C3CCCC2CN(C3)[C@H]1C(c1ccccc1)c1ccccc1,5.32,835,IC50,439.0
P25103,CHEMBL249,CHEMBL40164,COc1cc(CNC(=O)CC(c2ccccc2)c2ccccc2)cc(OC)c1,5.65,794,IC50,562.0
Q96LB2,CHEMBL5850,CHEMBL5195160,CCOc1ccc(F)cc1NC(=O)c1cc(F)ccc1NS(=O)(=O)C1CC1,7.89,514,EC50,425.0
Q96LB2,CHEMBL5850,CHEMBL5172913,CCOc1ccc(F)cc1NC(=O)c1ccccc1NS(=O)(=O)C1CC1,7.85,519,EC50,425.0
Q96LB2,CHEMBL5850,CHEMBL475965,COc1ccc(-c2ccc(C(=O)Nc3cccc(Cn4ncc(N5CCNCC5)cc4=O)c3C)cc2)cn1,7.6,550,EC50,425.0
Q96LB2,CHEMBL5850,CHEMBL5205606,CCOc1ccc(F)cc1NC(=O)c1cc(F)ccc1NS(=O)(=O)CC,7.51,561,EC50,425.0
Q96LB2,CHEMBL5850,CHEMBL3343989,CSCC[C@H](NC(=O)[C@H](Cc1c[nH]c2ccccc12)NC(=O)[C@H](Cc1c[nH]c2ccccc12)NC(=O)[C@H](CCC(=O)O)NC(=O)[C@@H]1CCCN1C(=O)[C@H](CCCNC(=N)N)NC(=O)CNC(=O)[C@@H](N)C(C)C)C(=O)N[C@@H](CC(=O)O)C(=O)N[C@@H](Cc1ccc(O)cc1)C(=O)N[C@@H](CCC(N)=O)C(=O)N[C@@H](CCCCN)C(=O)N[C@@H](CCCNC(=N)N)C(=O)N[C@@H](Cc1ccc(O)cc1)C(=O)NCC(=O)O,7.3,588,EC50,576.0
Q96LB2,CHEMBL5850,CHEMBL1762707,O=C(CN1CCN(c2ccnc(NCCc3ccc(Cl)cc3)n2)CC1)N(CCCN1CCOCC1)Cc1c(Cl)cncc1Cl,7.3,588,IC50,425.0
Q96LB2,CHEMBL5850,CHEMBL4460098,COc1ccccc1S(=O)(=O)Nc1ccc(C)cc1Oc1ccc2c(N)nccc2c1,7.3,588,EC50,425.0
Q96LB2,CHEMBL5850,CHEMBL5202767,CCOc1ccccc1NC(=O)c1cc(Cl)ccc1NS(=O)(=O)C1CC1,7.27,591,EC50,425.0
Q96LB2,CHEMBL5850,CHEMBL5077884,Cc1sc2ncnc(Oc3cccc(F)c3)c2c1C,4.52,935,EC50,326.0
Q96LB2,CHEMBL5850,CHEMBL5085932,Cc1cccc(Oc2ncnc3sc(C)c(C)c23)c1,4.6,925,EC50,425.0
Q96LB2,CHEMBL5850,CHEMBL4532285,COc1ccccc1S(=O)(=O)Nc1ccc(C)cc1Oc1ccccc1C(=N)N,4.64,920,EC50,495.0
Q96LB2,CHEMBL5850,CHEMBL1494771,Cc1ccccc1Oc1ncnc2sccc12,4.84,895,EC50,326.0
Q96LB2,CHEMBL5850,CHEMBL5209542,O=C(Nc1cccc2occc12)c1ccccc1NS(=O)(=O)C1CC1,4.85,894,EC50,425.0
Q96LB2,CHEMBL5850,CHEMBL3730405,O=C(Nc1cccc2ccccc12)O[C@@H]1C2CCN(CC2)C1C(c1ccccc1)c1ccccc1,5.91,761,IC50,601.0
Q96LB2,CHEMBL5850,CHEMBL5077100,Fc1ccccc1Oc1ncnc2scc(C(F)(F)F)c12,5.68,790,EC50,425.0
Q96LB2,CHEMBL5850,CHEMBL3731844,O=C(O[C@@H]1C2CCN(CC2)C1C(c1ccccc1)c1ccccc1)c1ccccc1C(F)(F)F,5.62,798,IC50,456.0
Q96LB2,CHEMBL5850,CHEMBL3731811,C(\Cc1ccccc1)=C1\C2CCN(CC2)C1C(c1ccccc1)c1ccccc1,5.84,770,IC50,605.0
O15303,CHEMBL4573,CHEMBL33567,N[C@@H](CCP(=O)(O)O)C(=O)O,7.26,592,EC50,465.0
O15303,CHEMBL4573,CHEMBL285843,NC(CCP(=O)(O)O)C(=O)O,6.55,681,EC50,435.0
O15303,CHEMBL4573,CHEMBL2381649,CC(=O)N[C@H]1C[C@@](N)(C(=O)O)[C@@H]2[C@@H](C(=O)O)[C@@H]21,6.15,731,EC50,623.0
O15303,CHEMBL4573,CHEMBL2381644,[N-]=[N+]=N[C@@H]1C[C@@](N)(C(=O)O)[C@@H]2[C@@H](C(=O)O)[C@@H]21,6.11,736,EC50,613.0
O15303,CHEMBL4573,CHEMBL34453,N[C@@]1(C(=O)O)CC[C@@H](C(=O)O)C1,4.09,989,EC50,710.0
O15303,CHEMBL4573,CHEMBL2381646,N[C@@H]1C[C@@](N)(C(=O)O)[C@@H]2[C@@H](C(=O)O)[C@@H]21,4.93,884,EC50,623.0
O15303,CHEMBL4573,CHEMBL3955188,COc1ccc(-c2cc(C(N)=O)nc3cc(CCc4cnc(C)nc4)ccc23)c(F)c1,5.01,874,IC50,525.0
O15303,CHEMBL4573,CHEMBL2381642,N[C@@]1(C(=O)O)C[C@@H](O)[C@H]2[C@H](C(=O)O)[C@H]21,5.36,830,EC50,623.0
O15303,CHEMBL4573,CHEMBL3892073,NC(=O)c1cc(-c2ccc(F)cc2)c2ccc(CN3C(=O)CCC3=O)cc2n1,5.04,870,IC50,594.0
O15303,CHEMBL4573,CHEMBL296054,N[C@@]1(C(=O)O)C[C@@H]2C[C@H]1[C@H]2C(=O)O,5.28,840,EC50,623.0
P35462,CHEMBL234,CHEMBL5841759,CN1Cc2c(C(=O)N[C@H]3CC[C@H](CCN4CCc5ccc(OCC(C)(F)F)nc5CC4)CC3)cccc2C1=O,10.92,135,Ki,358.0
P35462,CHEMBL234,CHEMBL5918571,Cn1cc2c(C(=O)N[C@H]3CC[C@H](CCN4CCc5ccc(OCC(F)F)nc5CC4)CC3)cccc2n1,10.85,144,Ki,426.0
P35462,CHEMBL234,CHEMBL5802711,Cc1cn2c(C(=O)N[C@H]3CC[C@H](CCN4CCc5nc(OCC(F)F)sc5CC4)CC3)cccc2n1,10.85,144,Ki,535.0
P35462,CHEMBL234,CHEMBL5924177,Cn1ncc(CC(=O)N[C@H]2CC[C@H](CCN3CCc4ccc(OCC(C)(F)F)nc4CC3)CC2)n1,10.8,150,Ki,535.0
P35462,CHEMBL234,CHEMBL80919,O=C(N[C@H]1CC[C@H](CCN2CCN(c3cccc(Cl)c3Cl)CC2)CC1)c1cccs1,10.7,163,Ki,464.0
P35462,CHEMBL234,CHEMBL349426,c1ccc(N2CCN(CC[C@H]3CC[C@H](Nc4ncnc5ccccc45)CC3)CC2)cc1,10.7,163,Ki,601.0
P35462,CHEMBL234,CHEMBL5833667,CN1Cc2c(C(=O)N[C@H]3CC[C@H](CCN4CCc5nc(OCC(F)(F)F)sc5CC4)CC3)cccc2C1=O,10.66,167,Ki,358.0
P35462,CHEMBL234,CHEMBL5870203,Cn1cc(/C=C/C(=O)N[C@H]2CC[C@](F)(CCN3CCc4nc(OCC(C)(F)F)sc4CC3)CC2)cn1,10.6,175,Ki,478.0
P35462,CHEMBL234,CHEMBL5415557,Fc1cncc(CNCC[C@@]2(c3ccccn3)CCOC3(CCCC3)C2)c1,4.07,991,Ki,605.0
P35462,CHEMBL234,CHEMBL1575074,CC(=O)O[C@H]1CC(C)(C)C(=C=C/C(C)=C/C=C/C(C)=C/C=C/C=C(C)/C=C/C=C(\C)C(=O)C[C@@]23O[C@]2(C)C[C@@H](O)CC3(C)C)[C@](C)(O)C1,4.09,989,EC50,539.0
P35462,CHEMBL234,CHEMBL4436589,C[C@H]1CO[C@H](c2ccc(N)nc2)CN1C/C=C/COc1ccc2c(c1)NC(=O)CC2,4.14,982,Ki,545.0
P35462,CHEMBL234,CHEMBL4591203,Cn1c(SCCCN2CCNCC2)nnc1-c1ccccc1,4.14,982,Ki,666.0
P35462,CHEMBL234,CHEMBL561262,COc1ccccc1N1CCN(Cc2c(C)nc3cc(C)ncn23)CC1,4.17,979,Ki,623.0
P35462,CHEMBL234,CHEMBL5556389,COc1cc(F)c(O[C@H]2CC[C@@](C)(C(=O)O)CC2)cc1C(=O)N[C@H]1[C@@H]2CC[C@@H](C2)[C@H]1C(=O)NCC1(C)CCC1,4.2,975,IC50,499.0
P35462,CHEMBL234,CHEMBL7441,O=C(c1cnn2ccccc12)N1CCN(c2ccc(Cl)cc2)CC1,4.21,974,Ki,396.0
P35462,CHEMBL234,CHEMBL129795,O=C(/C=C/c1ccc(O)cc1)c1ccc(O)cc1O,4.21,974,IC50,603.0
P35462,CHEMBL234,CHEMBL2062857,CCN(CC)[C@H]1[C@H](CO)[C@@H]2CN(Cc3ccccc3)[C@@H](c3ccc(Br)cc3)[C@@H]21,5.67,791,Ki,617.0
P35462,CHEMBL234,CHEMBL104092,C(#Cc1cccn1C1CCN(Cc2ccccc2)CC1)c1ccccc1,5.06,868,Ki,499.0
P35462,CHEMBL234,CHEMBL91,Clc1ccc(COC(Cn2ccnc2)c2ccc(Cl)cc2Cl)c(Cl)c1,5.73,784,IC50,592.0
P35462,CHEMBL234,CHEMBL415014,Cc1[nH]c(-c2ccccc2)nc1CN1CCN(c2ncccn2)CC1,5.53,809,Ki,643.0
P50052,CHEMBL4607,CHEMBL385433,CC[C@H](C)[C@H](NC(=O)[C@H](Cc1ccc(O)cc1)NC(=O)[C@@H](NC(=O)[C@H](CCCN=C(N)N)NC(=O)[C@H](N)CC(=O)O)C(C)C)C(=O)N[C@@H](Cc1c[nH]cn1)C(=O)N1CCC[C@H]1C(=O)N[C@@H](Cc1ccccc1)C(=O)O,10.1,238,IC50,575.0
P50052,CHEMBL4607,CHEMBL404594,CC[C@H](C)[C@H](NC(=O)[C@@H]1CCCN1C(=O)[C@H](Cc1c[nH]cn1)NC(=O)[C@@H](NC(=O)[C@H](Cc1ccc(O)cc1)NC(=O)[C@@H](NC(=O)[C@H](CCCN=C(N)N)NC(=O)CNC)C(C)C)[C@@H](C)CC)C(=O)O,9.85,269,Ki,445.0
P50052,CHEMBL4607,CHEMBL2392353,CC[C@H](C)[C@H](NC(=O)[C@H](Cc1ccc(O)cc1)NC(=O)[C@@H](NC(=O)[C@H](CCCNC(=N)N)NC(=O)[C@@H](N)CC(=O)O)C(C)C)C(=O)N[C@@H](Cc1cnc[nH]1)C(=O)N1CCC[C@H]1C(=O)N[C@@H](C)C(=O)O,9.82,272,Ki,575.0
P50052,CHEMBL4607,CHEMBL1791308,CC[C@@H](C)[C@@H](C(=O)N[C@@H](Cc1c[nH]cn1)C(=O)N1CCC[C@H]1C(=O)N[C@@H](Cc1ccccc1)C(=O)O)N1Cc2cccc(NC(=O)[C@@H](NC(=O)[C@H](CCCN=C(N)N)NC(=O)[C@@H](N)CC(=O)O)C(C)C)c2N[C@@H](Cc2ccc(O)cc2)C1=O,9.81,274,Ki,474.0
P50052,CHEMBL4607,CHEMBL216061,CC[C@H](C)[C@H](NC(=O)[C@H](Cc1ccc(O)cc1)NC(=O)[C@@H](NC(=O)[C@H](CCCN=C(N)N)NC(=O)CNC)C(C)C)C(=O)N[C@@H](Cc1c[nH]cn1)C(=O)N1CCC[C@H]1C(=O)N[C@@H](Cc1ccccc1)C(=O)O,9.74,282,Ki,575.0
P50052,CHEMBL4607,CHEMBL7550,CCc1nc2c(C)cc(C)nc2n1Cc1ccc(-c2ccccc2-c2nn[nH]n2)cc1,9.7,288,IC50,388.0
P50052,CHEMBL4607,CHEMBL5409738,CN(C(=O)N1CCC(CC(=O)N(c2ccccc2)C2CCCC(F)(F)C2)(C(=O)O)CC1)c1ccc(F)cc1,9.51,311,Ki,538.0
P50052,CHEMBL4607,CHEMBL1017,CCCc1nc2c(C)cc(-c3nc4ccccc4n3C)cc2n1Cc1ccc(-c2ccccc2C(=O)O)cc1,9.48,315,IC50,475.0
P50052,CHEMBL4607,CHEMBL3105395,CC[C@H](C)[C@H](NC(=O)c1cccc(Cn2ccnc2)c1)C(=O)O.O=C(O)C(F)(F)F,4.33,959,Ki,499.0
P50052,CHEMBL4607,CHEMBL3105391,CC[C@H](C)[C@H](NC(=O)c1cccc(Cn2ccnc2)c1)C(=O)Nc1nccs1,4.38,952,Ki,456.0
P50052,CHEMBL4607,CHEMBL3105394,CC[C@H](C)[C@H](NC(=O)c1cccc(Cn2ccnc2)c1)C(=O)NNS(=O)(=O)c1ccc(C)cc1,4.54,932,Ki,499.0
P50052,CHEMBL4607,CHEMBL3105392,CC[C@H](C)[C@H](NC(=O)c1cccc(Cn2ccnc2)c1)C(=O)NS(=O)(=O)c1ccccc1,4.75,906,Ki,523.0
P50052,CHEMBL4607,CHEMBL91,Clc1ccc(COC(Cn2ccnc2)c2ccc(Cl)cc2Cl)c(Cl)c1,4.865,892,IC50,574.0
P50052,CHEMBL4607,CHEMBL995,CCCCc1nc(Cl)c(CO)n1Cc1ccc(-c2ccccc2-c2nnn[n-]2)cc1.[K+],5.0,875,IC50,576.0
P50052,CHEMBL4607,CHEMBL3105467,CCCCS(=O)(=O)NC(=O)[C@@H](NC(=O)c1cccc(Cn2ccnc2)c1)[C@@H](C)CC,5.0,875,Ki,474.0
P50052,CHEMBL4607,CHEMBL306923,CCCc1nc(CC)c(C(=O)OCc2ccc(-c3ccccc3)cc2)n1Cc1ccc(-c2ccccc2-c2nn[nH]n2)cc1,5.52,810,IC50,526.0
P50052,CHEMBL4607,CHEMBL5893482,O=C(O)[C@@H]1C[C@H](NC(=O)N(c2ccccc2)c2ccccc2)CN1C(=O)C(c1ccccc1)c1ccccc1,5.47,816,IC50,534.0
P50052,CHEMBL4607,CHEMBL5881877,COc1ccc(C#CCN(C)[C@H]2C[C@@H](C(=O)O)N(C(=O)C(c3ccccc3)c3ccccc3)C2)cc1C,5.6,800,IC50,465.0
P50052,CHEMBL4607,CHEMBL5797641,O=C(O)[C@@H]1C[C@H](OC[C@@H]2C[C@H]2c2ccccc2)CN1C(=O)C(c1ccccc1)c1ccccc1,5.18,852,IC50,514.0
Q8TDV5,CHEMBL5652,CHEMBL2382410,CC(C)(C)OC(=O)N1C2CCC1CN(c1ncc(OCc3ccncc3C#N)cn1)C2,9.0,375,IC50,535.0
Q8TDV5,CHEMBL5652,CHEMBL2086684,C[C@@H]1CN(C(=O)OC(C)(C)C)CCN1c1ncc(OCc2ccncc2C#N)cn1,9.0,375,IC50,531.0
Q8TDV5,CHEMBL5652,CHEMBL5266838,O=c1[nH]ncn1-c1ccc(-c2ccc(N3CCNCC3)nc2)cc1,8.55,431,EC50,455.0
Q8TDV5,CHEMBL5652,CHEMBL2086690,CC(C)c1nc(N2CCN(c3ncc(OCc4ccncc4C#N)cn3)[C@H](C)C2)no1,8.52,435,IC50,538.0
Q8TDV5,CHEMBL5652,CHEMBL2382409,CC(C)(C)OC(=O)N1C2CCC1CN(c1ncc(OCc3ccc(S(C)(=O)=O)cc3)cn1)C2,8.52,435,IC50,594.0
Q8TDV5,CHEMBL5652,CHEMBL4439483,CC(C)(C)OC(=O)N1CCN(C(=O)c2cn(-c3ccc(S(C)(=O)=O)cc3)nn2)CC1,8.51,436,EC50,396.0
Q8TDV5,CHEMBL5652,CHEMBL4778132,CC(C)SC(=O)N1CCC(Oc2cc(N3CCc4cc(S(C)(=O)=O)ccc43)ncn2)CC1,8.49,439,EC50,396.0
Q8TDV5,CHEMBL5652,CHEMBL4578862,CC(C)(C)OC(=O)N1CCC(OC(=O)c2cn(-c3ccc(C#N)cc3F)nn2)CC1,8.45,444,EC50,564.0
Q8TDV5,CHEMBL5652,CHEMBL5271736,Nc1nc(Nc2ccc(F)cc2)n2nc(-c3ccccc3)cc2n1,4.74,908,IC50,445.0
Q8TDV5,CHEMBL5652,CHEMBL2312160,Cc1c(Oc2ccc(C(=O)N(C)C)cc2F)ncnc1N1C2CC3CC1CC(C2)N3C(=O)OC(C)C,5.94,758,Ki,475.0
Q8TDV5,CHEMBL5652,CHEMBL1766202,Cc1ncccc1Oc1ncnc(O[C@@H]2[C@H]3CO[C@@H]2CN(C(=O)OC(C)C)C3)c1C,5.93,759,Ki,530.0
Q8TDV5,CHEMBL5652,CHEMBL3338166,CC(C)OC(=O)N1[C@@H]2CC[C@@H]1CC(Oc1ccn(-c3ccc(S(C)(=O)=O)cc3)c(=O)c1)C2,5.76,780,EC50,455.0
Q8TDV5,CHEMBL5652,CHEMBL2312509,COc1c(Oc2cccnc2C)ncnc1N1C2CC3CC1CC(C2)N3C(=O)OC(C)C,5.83,771,Ki,356.0
P43115,CHEMBL3710,CHEMBL5092858,O=C(NC/C=C1\CCCc2cnn(-c3ccc(C(F)(F)F)cc3)c21)NS(=O)(=O)c1cc(Cl)c(Cl)s1,9.4,325,Ki,455.0
P43115,CHEMBL3710,CHEMBL1093897,O=C(/C=C/c1cccc2c1N(Cc1ccc3ccccc3c1)C(=O)C2(F)F)NS(=O)(=O)c1cccc(Cl)c1,9.36,330,IC50,455.0
P43115,CHEMBL3710,CHEMBL5086191,O=C(NC/C=C1\CCCc2cnn(Cc3ccc(Cl)cc3Cl)c21)NS(=O)(=O)c1cc(Cl)c(Cl)s1,9.3,337,Ki,455.0
P43115,CHEMBL3710,CHEMBL217941,COc1ccc(Br)cc1S(=O)(=O)NC(=O)/C=C/c1ccccc1Cc1ccc2cc(OCc3ccccc3)ccc2c1,9.1,362,Ki,455.0
P43115,CHEMBL3710,CHEMBL548,CCCCC[C@H](O)/C=C/[C@H]1[C@H](O)CC(=O)[C@@H]1C/C=C\CCCC(=O)O,9.03,371,Ki,749.0
P43115,CHEMBL3710,CHEMBL1090112,O=C(/C=C/c1cccc2c1N(Cc1ccc(Cl)cc1Cl)C(=O)C2)NS(=O)(=O)c1cc(F)c(F)cc1F,9.03,371,IC50,445.0
P43115,CHEMBL3710,CHEMBL1081185,Cc1cn(Cc2ccc3ccccc3c2)c2c(-c3cc(NS(=O)(=O)c4cc(Cl)c(Cl)s4)no3)cc(F)cc12,9.0,375,IC50,445.0
P43115,CHEMBL3710,CHEMBL1081545,Cc1cn(Cc2ccc(Cl)cc2Cl)c2c(-c3cc(NS(=O)(=O)c4ccc(Cl)c(Cl)c4)no3)cc(F)cc12,9.0,375,IC50,445.0
P43115,CHEMBL3710,CHEMBL14359,O=C(O)CCCCCCN1C(=O)CC[C@@H]1/C=C/C(O)Cc1ccccc1,4.0,1000,Ki,465.0
P43115,CHEMBL3710,CHEMBL376347,CCCCC[C@H](O)CC[C@H]1CCC(=O)N1CCc1ccc(C(=O)O)cc1,4.04,995,Ki,724.0
P43115,CHEMBL3710,CHEMBL222782,O=C(O)c1ccc(CCN2C(=O)CC[C@@H]2/C=C/[C@@H](O)CCC2CCC2)cc1,4.1,988,Ki,480.0
P43115,CHEMBL3710,CHEMBL223744,O=C(O)c1ccc(CCN2C(=O)CC[C@@H]2CC[C@@H](O)CCC2CCC2)cc1,4.11,986,Ki,623.0
P43115,CHEMBL3710,CHEMBL416262,O=C(O)CCCCCCN1C(=O)CC[C@@H]1/C=C/[C@@H](O)CC1CCC1,4.25,969,Ki,465.0
P43115,CHEMBL3710,CHEMBL222677,Cc1cc(Cl)ccc1-c1cccc([C@H](O)CC[C@H]2CCC(=O)N2CCc2ccc(C(=O)O)cc2)c1,4.27,966,Ki,703.0
P43115,CHEMBL3710,CHEMBL90269,O=C(NCCc1ccccc1)NS(=O)(=O)c1ccccc1-c1ccc(CN2C(=O)c3ccccc3CCc3ccccc32)cc1,4.29,964,Ki,455.0
P43115,CHEMBL3710,CHEMBL46395,O=C(O)CCCCCCN1C(=O)CC[C@@H]1CC[C@@H](O)Cc1cccc(C(F)(F)F)c1,4.42,948,Ki,455.0
P43115,CHEMBL3710,CHEMBL2164614,COc1cc(C/C=C/c2ccccc2/C=C/C(=O)O)ccc1OCCNC(=S)Nc1ccc(C(=O)O)c(-c2c3ccc(=O)cc-3oc3cc(O)ccc23)c1,5.9,762,Ki,495.0
P43115,CHEMBL3710,CHEMBL88154,CC(C)(C)NC(=O)NS(=O)(=O)c1ccccc1-c1ccc(CN2C(=O)c3ccccc3CCc3ccccc32)cc1,5.92,760,Ki,574.0
P43115,CHEMBL3710,CHEMBL127204,O=C(O)CCc1ccccc1-c1cccc(-c2ccc(OCc3ccccc3)cc2)c1,5.82,772,Ki,485.0
P43115,CHEMBL3710,CHEMBL5950450,CNC(=O)c1ccc2c(c1)c(C)cn2[C@H](C)C(=O)Nc1cc(Cn2cc(C)cn2)ccc1CCCC(=O)O,5.82,772,Ki,456.0
P46089,CHEMBL4523856,CHEMBL5410506,CC(C)Oc1cc(Cl)ccc1CNc1cc(-c2ccccc2OCCCCCCNC(=O)c2ccc(-c3c4ccc(N(C)C)cc4[o+]c4cc(N(C)C)ccc34)c(C(=O)[O-])c2)nc2ncnn12,6.285,714,Kd,474.0
P46089,CHEMBL4523856,CHEMBL5394725,CC(C)Oc1cc(Cl)ccc1CNc1cc(-c2ccc(OCCCCCCNC(=O)c3ccc(-c4c5ccc(N(C)C)cc5[o+]c5cc(N(C)C)ccc45)c(C(=O)[O-])c3)cc2)nc2ncnn12,4.95,881,EC50,474.0
P46089,CHEMBL4523856,CHEMBL5398023,CC(C)Oc1cc(Cl)ccc1CNc1cc(-c2ccccc2OCCOCCOCCOCCOCCOCCNC(=O)c2ccc(-c3c4ccc(N(C)C)cc4[o+]c4cc(N(C)C)ccc34)c(C(=O)[O-])c2)nc2ncnn12,5.35,831,EC50,474.0
P46089,CHEMBL4523856,CHEMBL5423734,CC(C)Oc1cc(Cl)ccc1CNc1cc(-c2cccc(OCCCCCCNC(=O)c3ccc(-c4c5ccc(N(C)C)cc5[o+]c5cc(N(C)C)ccc45)c(C(=O)[O-])c3)c2)nc2ncnn12,5.35,831,EC50,632.0
P46089,CHEMBL4523856,CHEMBL5405597,CC(C)Oc1cc(Cl)ccc1CNc1cc(-c2ccccc2OCCOCCOCCOCCNC(=O)c2ccc(-c3c4ccc(N(C)C)cc4[o+]c4cc(N(C)C)ccc34)c(C(=O)[O-])c2)nc2ncnn12,5.47,816,EC50,474.0
Q16581,CHEMBL4761,CHEMBL1170024,CC(C)C[C@H](NC(=O)CNC(=O)[C@H](CC(C)C)NC(=O)[C@H](CCCCN)NC(=O)[C@H](CO)NC(=O)[C@H](C)NC(=O)[C@H](CCCNC(=N)N)NC(=O)[C@H](Cc1ccc(O)cc1)NC(=O)[C@H](CCCCN)NC(=O)[C@H](CCCCN)NC(=O)CNC(=O)[C@H](Cc1c[nH]c2ccccc12)NC(=O)[C@@H](N)Cc1c[nH]c2ccccc12)C(=O)N[C@@H](C)C(=O)N[C@@H](CCCNC(=N)N)C(=O)O,8.7,413,IC50,487.0
Q16581,CHEMBL4761,CHEMBL4470864,Cc1cc(C(c2ccccc2)c2ccccc2)sc1C(=O)N[C@@H](CCCNC(=N)N)C(=O)O,8.7,413,IC50,546.0
Q16581,CHEMBL4761,CHEMBL4576800,N=C(N)NCCC[C@H](NC(=O)c1ccc(C(c2ccccc2)c2ccccc2)s1)C(=O)O,8.4,450,IC50,594.0
Q16581,CHEMBL4761,CHEMBL3735507,CC[C@H](C)[C@H](NC(=O)c1cncc(Br)c1)c1nc(C(=O)N[C@@H](CCCNC(=N)N)C(=O)O)co1,8.3,462,IC50,539.0
Q16581,CHEMBL4761,CHEMBL1170042,CC[C@H](C)[C@H](NC(=O)[C@@H](N)Cc1ccccc1)C(=O)N1CCC[C@H]1C(=O)N[C@@H](CC(C)C)C(=O)N[C@@H](C)C(=O)N[C@@H](CCCNC(=N)N)C(=O)O,8.19,476,IC50,579.0
Q16581,CHEMBL4761,CHEMBL3342688,N=C(N)NCCC[C@H](NC(=O)c1c[nH]c(C(c2ccccc2)c2ccccc2)n1)C(=O)O,8.175,478,IC50,594.0
Q16581,CHEMBL4761,CHEMBL3342676,N=C(N)NCCC[C@H](NC(=O)CSCC(c1ccccc1)c1ccccc1)C(=O)O,8.1,488,IC50,592.0
Q16581,CHEMBL4761,CHEMBL4459627,Cc1cc(C(c2ccc(Cl)cc2)c2ccc(Cl)cc2)sc1C(=O)N[C@@H](CCCNC(=N)N)C(=O)O,8.1,488,IC50,539.0
Q16581,CHEMBL4761,CHEMBL228846,N=C(N)NCCC[C@@H](NC(=O)c1ccc(-c2cccc(Cl)c2)cc1)C(=O)O,4.0,1000,IC50,594.0
Q16581,CHEMBL4761,CHEMBL243048,O=C(NC1CCN(C(=O)CCc2cccnc2)CC1)C1c2ccccc2Cc2ccccc21,4.1,988,IC50,495.0
Q16581,CHEMBL4761,CHEMBL233029,CC1(C)CC(C(C(=O)NC2CCN(C(=O)CCc3cccnc3)CC2)c2ccccc2)CC(C)(C)C1,4.2,975,IC50,495.0
Q16581,CHEMBL4761,CHEMBL228900,N=C(N)NCCC[C@@H](NC(=O)N1CCN(C(c2ccccc2)c2ccccc2)CC1)C(=O)O,4.3,962,IC50,594.0
Q16581,CHEMBL4761,CHEMBL234729,Cc1cncc(/C=C/C(=O)N2CCC(NC(=O)C(c3ccccc3)C3CCCCC3)CC2)c1,4.3,962,IC50,475.0
Q16581,CHEMBL4761,CHEMBL97420,Cc1ccc(CC/N=C2\N=C(NCCc3ccc(C)cc3)c3cc(Cl)c(Cl)cc32)cc1,4.32,960,IC50,534.0
Q16581,CHEMBL4761,CHEMBL96138,CC(=O)Nc1ccc2c(c1)/C(=N\Cc1ccc(C)cc1)N=C2NCc1ccc(C)cc1,4.5,938,IC50,495.0
Q16581,CHEMBL4761,CHEMBL1170033,CC(C)C[C@H](NC(=O)[C@@H]1CCCN1C(=O)[C@@H](N)Cc1c[nH]c2ccccc12)C(=O)N1CCC[C@H]1C(=O)N[C@@H](CCCNC(=N)N)C(=O)O,4.535,933,IC50,653.0
Q16581,CHEMBL4761,CHEMBL387686,N=C(N)NCCC[C@@H](NC(=O)c1ccc(-c2cc(Cl)ccc2Cl)o1)C(=O)O,5.8,775,IC50,594.0
Q16581,CHEMBL4761,CHEMBL1170031,CC(C)C[C@H](NC(=O)[C@H](C)NC(=O)[C@H](CC(C)C)NC(=O)[C@@H](N)Cc1cnc[nH]1)C(=O)N[C@@H](C)C(=O)N[C@@H](CCCNC(=N)N)C(=O)O,5.2,850,IC50,563.0
Q16581,CHEMBL4761,CHEMBL1169838,CC[C@H](C)[C@H](NC(=O)[C@H](C)NC(=O)[C@H](CC(N)=O)NC(=O)[C@@H](NC(=O)[C@@H](NC(=O)[C@H](CCCNC(=N)N)NC(=O)[C@H](CCCCN)NC(=O)[C@H](C)NC(=O)[C@H](CCC(=O)O)NC(=O)[C@H](Cc1ccccc1)NC(=O)[C@H](C)NC(=O)[C@@H](NC(=O)[C@@H](NC(=O)[C@@H](N)Cc1c[nH]c2ccccc12)C(C)C)[C@@H](C)O)[C@@H](C)O)[C@@H](C)CC)C(=O)N[C@@H](Cc1c[nH]c2ccccc12)C(=O)O,5.8,775,IC50,546.0
Q16581,CHEMBL4761,CHEMBL313866,Clc1ccc(CC/N=C2\N=C(NCCc3ccc(Cl)cc3)c3ccccc32)cc1,5.14,858,IC50,495.0
Q14416,CHEMBL5137,CHEMBL2381640,N[C@@]1(C(=O)O)CC(=O)[C@H]2[C@H](C(=O)O)[C@H]21,9.8,275,EC50,633.0
Q14416,CHEMBL5137,CHEMBL5950884,COc1c(F)ccc(F)c1C1CCN(c2cnn3c(CC4CC4)nnc3c2C(F)(F)F)CC1,9.7,288,EC50,571.0
Q14416,CHEMBL5137,CHEMBL5405921,N#Cc1ncc(CCc2ccc3c(-c4ccc(F)cc4)cc(C(N)=O)nc3c2)cn1,9.49,314,Ki,556.0
Q14416,CHEMBL5137,CHEMBL6037536,COc1c(F)ccc(F)c1C1CCN(c2cnn3c(CC(F)(F)F)nnc3c2C(F)(F)F)CC1,9.4,325,EC50,571.0
Q14416,CHEMBL5137,CHEMBL2381652,N[C@@]1(C(=O)O)C[C@@H](F)[C@H]2[C@H](C(=O)O)[C@H]21,9.25,344,EC50,629.0
Q14416,CHEMBL5137,CHEMBL5409898,NC(=O)c1cc(-c2ccc(F)cc2)c2ccc(CCc3ccc(CF)nc3)cc2n1,9.15,356,Ki,556.0
Q14416,CHEMBL5137,CHEMBL5418895,Cc1ccc(-c2cc(C(N)=O)nc3cc(CCc4cnc(C)nc4)ccc23)c(F)c1,9.13,359,Ki,562.0
Q14416,CHEMBL5137,CHEMBL5429000,NC(=O)c1cc(-c2ccc(F)cc2)c2ccc(CCc3cnc(F)nc3)cc2n1,9.11,361,Ki,558.0
Q14416,CHEMBL5137,CHEMBL5818812,NC(=O)c1cc(-c2ccc(F)cc2)c2c(n1)CN(C[C@@H]1CCN[C@H](C(F)(F)F)C1)CC2.NC(=O)c1cc(-c2ccc(F)cc2)c2c(n1)CN(C[C@H]1CCN[C@@H](C(F)(F)F)C1)CC2,4.01,999,IC50,621.0
Q14416,CHEMBL5137,CHEMBL5852835,CN1CCN(c2cc(C(N)=O)nc3c2CCN(Cc2ccnc(C(F)(F)F)c2)C3)CC1C(F)(F)F,4.03,996,IC50,526.0
Q14416,CHEMBL5137,CHEMBL5788290,NC(=O)c1cc(-n2cc(Cl)cn2)c2c(n1)CN(Cc1ccnc(C(F)(F)F)n1)CC2,4.03,996,IC50,579.0
Q14416,CHEMBL5137,CHEMBL5740994,COc1cnn(-c2cc(C(N)=O)nc3c2CCN(Cc2ccnc(C(F)(F)F)c2)C3)c1,4.05,994,IC50,594.0
Q14416,CHEMBL5137,CHEMBL5908993,NC(=O)c1cc(-c2ccc(F)cc2)c2c(n1)CN(CCc1cccnc1N)CC2,4.08,990,IC50,556.0
Q14416,CHEMBL5137,CHEMBL5793014,CC(C)(C)n1nccc1CN1CCc2c(-c3ccncc3)cc(C(N)=O)nc2C1,4.08,990,IC50,425.0
Q14416,CHEMBL5137,CHEMBL6052506,C[C@@H]1CN(c2cc(C(N)=O)nc3c2CCN(Cc2ccnc(C(F)(F)F)c2)C3)CCO1,4.1,988,IC50,571.0
Q14416,CHEMBL5137,CHEMBL5897653,COc1cc(C(N2CCc3c(C4=CCC(C)CC4)cc(C(N)=O)nc3C2)C(F)(F)F)ccn1,4.175,978,IC50,576.0
Q14416,CHEMBL5137,CHEMBL5960719,Cn1cc(-c2cc(C(N)=O)nc3c2C[C@@H]2CC[C@H]3O2)cn1,5.75,781,IC50,551.0
Q14416,CHEMBL5137,CHEMBL183756,CCCc1c(OCCCCOc2ccc(C(=O)NS(C)(=O)=O)cc2)ccc(C(C)=O)c1O,5.98,752,EC50,465.0
Q14416,CHEMBL5137,CHEMBL34453,N[C@@]1(C(=O)O)CC[C@@H](C(=O)O)C1,5.31,836,EC50,623.0
Q14416,CHEMBL5137,CHEMBL323138,CCS(=O)(=O)N(Cc1cccnc1)c1ccc(C(C)c2ccccc2)cc1,5.85,769,EC50,495.0
P28566,CHEMBL2182,CHEMBL432713,O=C(/C=C/c1ccc(Cl)c(Cl)c1)NCCCCCN1CCC(c2c[nH]c3ccc(O)cc23)CC1,8.2,475,Ki,475.0
P28566,CHEMBL2182,CHEMBL39,NCCc1c[nH]c2ccc(O)cc12,7.97,504,Ki,564.0
P28566,CHEMBL2182,CHEMBL65547,CN(C)CCc1c[nH]c2cccc(O)c12,7.36,580,Ki,564.0
P28566,CHEMBL2182,CHEMBL263881,CCN(CC)C(=O)[C@@H]1C=C2c3cccc4[nH]cc(c34)C[C@H]2N(C)C1,7.03,621,Ki,465.0
P28566,CHEMBL2182,CHEMBL22744,NC(=O)c1ccc2[nH]cc(C3=CCC(NCCCCCCCNC4CC=C(c5c[nH]c6ccc(C(N)=O)cc56)CC4)CC3)c2c1,7.0,625,IC50,495.0
P28566,CHEMBL2182,CHEMBL3039520,CN1CCC(C(=O)c2cccc(NC(=O)c3c(F)cc(F)cc3F)n2)CC1,6.9,638,Ki,465.0
P28566,CHEMBL2182,CHEMBL138989,C[C@@H]1C[C@@H](C)N1C(=O)[C@@H]1C=C2c3cccc4[nH]cc(c34)CC2N(C)C1,6.85,644,Ki,551.0
P28566,CHEMBL2182,CHEMBL5091373,CNCCc1ccc(Cl)c(-c2ccccc2OC)c1.Cl,6.75,656,Ki,485.0
P28566,CHEMBL2182,CHEMBL1258223,CCCCN1CCC(COC(=O)c2cc(Cl)c(NC)c3c2OCCO3)CC1,5.0,875,Ki,455.0
P28566,CHEMBL2182,CHEMBL4469848,FC(F)(F)c1cc(Oc2nccc3occc23)ccc1-c1cccc2nccn12,5.0,875,Ki,480.0
P28566,CHEMBL2182,CHEMBL3480577,Cc1ccc2nc(CNCCCOc3ccccc3)cc(O)c2c1,5.0,875,Ki,465.0
P28566,CHEMBL2182,CHEMBL5084249,CCN(CC)CCc1ccc(Cl)c(-c2ccccc2OC)c1,5.17,854,Ki,485.0
P28566,CHEMBL2182,CHEMBL4743049,Cl.Clc1cccc(COc2cncc(N3CCNCC3)n2)c1,5.84,770,Ki,465.0
P28566,CHEMBL2182,CHEMBL4466483,FC(F)(F)c1cc(Oc2nccc3ccsc23)ccc1-c1cccc2nccn12,5.11,861,Ki,441.0
P28566,CHEMBL2182,CHEMBL29846,COc1ccc(NS(=O)(=O)c2sc3ccc(Cl)cc3c2C)cc1N1CCN(C)CC1,5.6,800,Ki,445.0
P33032,CHEMBL4608,CHEMBL1161313,CCCC[C@@H](NC(C)=O)C(=O)N[C@@H]1CC(=O)NCCCC[C@@H](C(N)=O)NC(=O)[C@H](Cc2c[nH]c3ccccc23)NC(=O)[C@@H](CCCNC(=N)N)NC(=O)[C@H](Cc2ccc3ccccc3c2)NC(O)[C@H]2CCCN2C1=O,10.54,183,IC50,499.0
P33032,CHEMBL4608,CHEMBL1161322,CCCC[C@@H](NC(C)=O)C(=O)N[C@@H]1CC(=O)NCCCC[C@@H](C(N)=O)NC(=O)[C@H](Cc2c[nH]c3ccccc23)NC(=O)[C@@H](CCCNC(=N)N)NC(=O)[C@H](Cc2ccc3ccccc3c2)NC(=O)[C@H]2CCCN2C1=O,10.325,209,IC50,481.0
P33032,CHEMBL4608,CHEMBL4792986,CCCC[C@H](NC(C)=O)C(=O)N[C@H]1CC(=O)NCCCC[C@@H](C(N)=O)NC(=O)[C@H](Cc2c[nH]c3ccccc23)NC(=O)[C@H](CCCNC(=N)N)NC(=O)[C@@H](Cc2ccc3ccccc3c2)NC(=O)[C@@H]2CCCN2C1=O,10.14,232,EC50,481.0
P33032,CHEMBL4608,CHEMBL220018,N=C(N)NCCC[C@H](NC(=O)CCc1c[nH]c2ccccc12)C(=O)N1C[C@@H]2CCCN2C[C@@H]1Cc1ccccc1,10.0,250,IC50,594.0
P33032,CHEMBL4608,CHEMBL425442,O=C(CCC(=O)N1C[C@@H]2CCCN2C[C@H]1Cc1ccccc1)NCCc1c[nH]c2ccccc12,10.0,250,IC50,691.0
P33032,CHEMBL4608,CHEMBL442504,CCCC[C@H](NC(C)=O)C(=O)N[C@H]1CC(=O)NCCCC[C@H](C(N)=O)NC(=O)[C@@H](Cc2c[nH]c3ccccc23)NC(=O)[C@H](CCCN=C(N)N)NC(=O)[C@H](Cc2ccc3ccccc3c2)NC(=O)[C@H](Cc2c[nH]cn2)NC1=O,9.985,252,Ki,481.0
P33032,CHEMBL4608,CHEMBL2096742,CCCC[C@@H](NC(C)=O)C(=O)N[C@@H]1CC(=O)NCCCC[C@@H](C(N)=O)NC(=O)[C@H](Cc2c[nH]c3ccccc23)NC(=O)[C@H](CCCNC(=N)N)NC(=O)[C@@H](Cc2ccc3ccccc3c2)NC(=O)[C@H](Cc2c[nH]cn2)NC1=O,9.92,260,IC50,499.0
P33032,CHEMBL4608,CHEMBL1161323,CCCC[C@@H](NC(C)=O)C(=O)N[C@@H]1CC(=O)NCCCC[C@@H](C(N)=O)NC(=O)[C@H](Cc2c[nH]c3ccccc23)NC(=O)[C@@H](CCCNC(=N)N)NC(=O)[C@H](Cc2ccc3ccccc3c2)NC(=O)[C@H]2C[C@@]3(C)CCCC[C@@]3(C)N2C1=O,9.83,271,IC50,474.0
P33032,CHEMBL4608,CHEMBL8129,c1ccc2cc(CNCc3cccc4ccccc34)ccc2c1,4.0,1000,Ki,475.0
P33032,CHEMBL4608,CHEMBL268094,CC(=O)[C@@H]1CSSC[C@H](C(=O)N2CCC[C@H]2C(=O)CN2CCC[C@H]2C(=O)CN[C@@H](CCCCN)C(=O)CN[C@@H](CC(=O)O)C(N)=O)NC(=O)[C@@H](Cc2c[nH]c3ccccc23)NC(=O)[C@H](CCCN=C(N)N)NC(=O)[C@H](Cc2ccc3ccccc3c2)NC(=O)[C@@H]2CCCN2C(=O)[C@@H](CCC(=O)O)NC1=O,4.01,999,IC50,456.0
P33032,CHEMBL4608,CHEMBL236626,NC1CCC(CC2CCC(N(Cc3ccccc3Cl)C(=O)CCCc3c(Cc4ccc(O)cc4)[nH]c4ccccc34)CC2)CC1,4.01,999,Ki,455.0
P33032,CHEMBL4608,CHEMBL9219,NC(=O)[C@@H](Cc1ccc2ccccc2c1)NCc1c[nH]c2ccccc12,4.02,998,Ki,475.0
P33032,CHEMBL4608,CHEMBL235139,NC1CCC(CC2CCC(N(Cc3ccncc3)C(=O)CCCc3c[nH]c4ccccc34)CC2)CC1,4.02,998,Ki,499.0
P33032,CHEMBL4608,CHEMBL362010,O=C(N[C@H](Cc1ccc(Cl)cc1)C(=O)N1CC[N+]([O-])(c2ccccc2)CC1)C1Cc2ccccc2CN1,4.03,996,Ki,540.0
P33032,CHEMBL4608,CHEMBL394647,C/C(=C\c1ccccc1)CN(CCCN)C(=O)CCCc1cccs1,4.04,995,Ki,495.0
P33032,CHEMBL4608,CHEMBL396303,C/C(=C\c1ccccc1)CN(CCCN)C(=O)Cc1c[nH]c2ccccc12,4.05,994,Ki,495.0
P33032,CHEMBL4608,CHEMBL4074479,CC[C@H](C)[C@@H]1NC(=O)[C@@H]2CCCN2C(=O)[C@@H]2CCCN2C(=O)[C@H]([C@@H](C)CC)NC(=O)[C@H](CO)NC(=O)[C@H](C)NC(=O)[C@H]([C@H](C)O)NC(=O)[C@@H]2CSSC[C@H](NC1=O)C(=O)N(C)[C@@H](Cc1cnc[nH]1)C(=O)N[C@H](Cc1ccccc1)C(=O)N(C)[C@@H](CCCNC(=N)N)C(=O)N[C@@H](Cc1c[nH]c3ccccc13)C(=O)N[C@@H](CCCNC(=N)N)C(=O)N2,5.38,828,IC50,538.0
P33032,CHEMBL4608,CHEMBL429387,CN1C[C@@H]2CC[C@H]1[C@@H](C(=O)N[C@H](Cc1ccc(F)cc1)C(=O)N1CCC(C(=O)NC(C)(C)C)(C3CCCCC3)CC1)C2,5.97,754,IC50,456.0
P33032,CHEMBL4608,CHEMBL365039,O=C(N[C@H](Cc1ccc(Cl)cc1)C(=O)N1CCN([C@@H]2CCCC[C@H]2n2cncn2)CC1)C1Cc2ccccc2CN1,5.01,874,Ki,456.0
P33032,CHEMBL4608,CHEMBL332762,N=C(N)NCCC[C@@H]1NC(=O)[C@@H](Cc2ccc3ccccc3c2)NCC(=O)CC[C@H](C(N)=O)NC(=O)[C@@H](Cc2c[nH]c3ccccc23)NC1=O,5.3,838,Ki,594.0
P49286,CHEMBL1946,CHEMBL314512,C=CC(=O)NCCc1c(-c2ccccc2)oc2ccc(OC)cc12,11.0,125,Ki,531.0
P49286,CHEMBL1946,CHEMBL1774516,CC(C)C1=C(CCNC(=O)C(F)(F)F)c2c(ccc3c2CCO3)C1,11.0,125,Ki,396.0
P49286,CHEMBL1946,CHEMBL5555481,CNC(=O)NCC(C)c1c2n(c3ccc(OC)cc13)CCc1ccccc1-2,11.0,125,Ki,415.0
P49286,CHEMBL1946,CHEMBL1774514,CCC(=O)NCCC1=C(C(C)C)Cc2ccc3c(c21)CCO3,10.96,130,Ki,400.0
P49286,CHEMBL1946,CHEMBL1774519,CC(=O)NCCC1=C(CC2CCCCC2)Cc2ccc3c(c21)CCO3,10.92,135,Ki,400.0
P49286,CHEMBL1946,CHEMBL1774521,CC(=O)NCCC1=C(Br)Cc2ccc3c(c21)CCO3,10.85,144,Ki,455.0
P49286,CHEMBL1946,CHEMBL1774513,CC(=O)NCCC1=C(C(C)C)Cc2ccc3c(c21)CCO3,10.74,157,Ki,400.0
P49286,CHEMBL1946,CHEMBL287560,COc1ccc2oc(-c3ccccc3)c(CCNC(C)=O)c2c1,10.7,163,Ki,396.0
P49286,CHEMBL1946,CHEMBL5401243,COC(=O)NCCc1c(C(O)c2ccc(OC)cc2)[nH]c2ccc(OC)cc12,4.18,978,Ki,465.0
P49286,CHEMBL1946,CHEMBL1223346,CC(=O)N[C@H](C)CSc1ccccc1,4.19,976,Ki,608.0
P49286,CHEMBL1946,CHEMBL1223274,CC(=O)N[C@H](C)COc1ccccc1,4.27,966,Ki,673.0
P49286,CHEMBL1946,CHEMBL311498,Oc1cc(O)c2c(c1)O[C@H](c1ccc(O)c(O)c1)[C@@H](O)C2,4.33,959,IC50,490.0
P49286,CHEMBL1946,CHEMBL1223054,COc1ccc(OCCNC(C)=O)cc1,4.34,958,Ki,370.0
P49286,CHEMBL1946,CHEMBL5434417,CN1CC(=O)NC(CCc2c(C(O)c3ccccc3N)[nH]c3ccccc23)C1=O,4.77,904,Ki,520.0
P49286,CHEMBL1946,CHEMBL4214348,CC(=O)NCCN(C)c1cccc(OCCCCN)c1,4.89,889,Ki,465.0
P49286,CHEMBL1946,CHEMBL1222983,COc1ccc(OC(C)CNC(C)=O)cc1,4.9,888,Ki,415.0
P49286,CHEMBL1946,CHEMBL59,NCCc1ccc(O)c(O)c1,5.04,870,Ki,417.0
P49286,CHEMBL1946,CHEMBL372243,CCC(=O)NCc1cc2c(OC)cccc2n1C(=O)c1ccc(Cl)cc1,5.74,782,Ki,356.0
P49286,CHEMBL1946,CHEMBL5397255,CC(=O)NCCc1c(C(O)c2ccc(Cl)cc2)[nH]c2ccccc12,5.36,830,Ki,510.0
P49286,CHEMBL1946,CHEMBL1223277,COc1cccc(OC[C@@H](C)NC(C)=O)c1,5.31,836,Ki,623.0
Q6W5P4,CHEMBL5162,CHEMBL1474387,Cc1c(P(=S)(c2ccccc2)c2ccccc2)n2ccccc2[n+]1C/C=C/c1ccccc1.[Br-],8.675,416,IC50,556.0
Q6W5P4,CHEMBL5162,CHEMBL1472563,Cc1c(P(=S)(c2ccccc2)c2ccccc2)n2ccccc2[n+]1CCCCCc1ccccc1.O=C([O-])C(F)(F)F,8.21,474,IC50,623.0
Q6W5P4,CHEMBL5162,CHEMBL1210313,CCC(C)(CCN1CCOCC1)N(Cc1cc2ccccc2n(C)c1=O)C(=O)C1CCCCC1,8.17,479,IC50,678.0
Q6W5P4,CHEMBL5162,CHEMBL1514777,Cc1nc2ccccn2c1P(=S)(c1ccccc1)c1ccccc1,8.04,495,IC50,613.0
Q6W5P4,CHEMBL5162,CHEMBL3086834,Cc1c(P(=S)(c2ccccc2)c2ccccc2)n2ccccc2[n+]1C(=O)Cc1ccccc1.[Br-],7.89,514,IC50,526.0
Q6W5P4,CHEMBL5162,CHEMBL1553073,Cc1c(P(=S)(c2ccccc2)c2ccccc2)n2ccccc2[n+]1CCCCc1ccccc1.[Br-],7.82,522,IC50,556.0
Q6W5P4,CHEMBL5162,CHEMBL1315807,Cc1c(P(=S)(c2ccccc2)c2ccccc2)n2ccccc2[n+]1CCc1ccccc1.[Br-],7.8,525,IC50,526.0
Q6W5P4,CHEMBL5162,CHEMBL3086833,Cc1c(P(=S)(c2ccccc2)c2ccccc2)n2ccccc2[n+]1Cc1ccccc1.O=C([O-])C(F)(F)F,7.8,525,IC50,603.0
Q6W5P4,CHEMBL5162,CHEMBL4558185,CC[C@]12C=C(C(=O)OC)n3c(c(CCNC(=O)c4ccc(Br)cc4)c4ccccc43)[C@H]1N(C#N)CCC2,5.24,845,IC50,621.0
Q6W5P4,CHEMBL5162,CHEMBL4527708,CC[C@]12CCCN(C(=O)c3cccc(Br)c3)CCc3c(n(c4ccccc34)C(=O)C1)[C@@H]2OC,5.41,824,IC50,617.0
P21728,CHEMBL2056,CHEMBL1814790,CN1CCc2cc(Cl)c(O)cc2[C@@H](c2ccccc2)C1.O=C(O)/C=C\C(=O)O,9.96,255,IC50,605.0
P21728,CHEMBL2056,CHEMBL3039528,CN1CCN([C@@H]2C[C@@H](c3ccccc3)c3ccc(Cl)cc32)CC1(C)C,9.89,264,Ki,601.0
P21728,CHEMBL2056,CHEMBL434215,CN1CCc2cc(I)c(O)cc2C(c2ccc(N=[N+]=[N-])cc2)C1,9.82,272,Kd,455.0
P21728,CHEMBL2056,CHEMBL1256645,CN1CCc2cc(Cl)c(O)cc2[C@@H](c2ccccc2)C1.Cl,9.77,279,Ki,603.0
P21728,CHEMBL2056,CHEMBL596824,CC(=O)N(Cc1ccc([C@H]2CN(C)CCc3cc(Cl)c(O)cc32)cc1)C1CCC1,9.7,288,Ki,474.0
P21728,CHEMBL2056,CHEMBL599135,CN1CCc2cc(Cl)c(O)cc2[C@H]2c3cccc(/C=N/OCc4ccccc4)c3CC[C@@H]21,9.7,288,Ki,653.0
P21728,CHEMBL2056,CHEMBL599528,CN1CCc2cc(Cl)c(O)cc2[C@H]2c3cccc(-c4ccccc4)c3CC[C@@H]21,9.7,288,Ki,645.0
P21728,CHEMBL2056,CHEMBL4758723,C[C@H]1C=C(C2=Nc3cc(Cl)ccc3Nc3ccc(F)cc32)CCN1C,9.7,288,Ki,499.0
P21728,CHEMBL2056,CHEMBL129795,O=C(/C=C/c1ccc(O)cc1)c1ccc(O)cc1O,4.16,980,IC50,603.0
P21728,CHEMBL2056,CHEMBL679,CNC[C@H](O)c1ccc(O)c(O)c1,4.26,968,Kd,534.0
P21728,CHEMBL2056,CHEMBL1437,NC[C@H](O)c1ccc(O)c(O)c1,4.3,962,Kd,653.0
P21728,CHEMBL2056,CHEMBL2062861,OC[C@@H]1[C@@H]2CN(Cc3ccccc3)[C@@H](c3ccccc3)[C@@H]2[C@H]1N1CCCCC1,4.31,961,Ki,551.0
P21728,CHEMBL2056,CHEMBL145584,NCCc1cccc(O)c1,4.32,960,Ki,465.0
P21728,CHEMBL2056,CHEMBL2062860,OC[C@H]1[C@H]2CN(Cc3ccccc3)[C@H](c3ccccc3)[C@H]2[C@@H]1N1CCCCC1,4.36,955,Ki,551.0
P21728,CHEMBL2056,CHEMBL2062848,CCN(CC)[C@@H]1[C@@H](CO)[C@H]2CN(Cc3ccccc3)[C@H](c3ccccc3)[C@H]21,4.38,952,Ki,640.0
P21728,CHEMBL2056,CHEMBL2062850,OC[C@H]1[C@H]2CN(Cc3ccccc3)[C@H](c3ccccc3)[C@H]2[C@@H]1N1CCCC1,4.39,951,Ki,530.0
P21728,CHEMBL2056,CHEMBL2037430,Clc1ccc(N2CCN(CCCc3nc4ccccc4s3)CC2)cc1,5.89,764,Ki,445.0
P21728,CHEMBL2056,CHEMBL140968,COc1ccccc1N1CCN(CCCCCNC(=O)c2cc3ccccn3n2)CC1,5.85,769,Ki,445.0
P21728,CHEMBL2056,CHEMBL594798,Cc1ccccc1CC1c2ccc(O)cc2CCN1C,5.52,810,Ki,465.0
P21728,CHEMBL2056,CHEMBL4279136,COc1cc2c(cc1O)CN(CCCCNC(=O)c1ccnc3ccccc13)CC2,5.74,782,Ki,396.0
P47871,CHEMBL1985,CHEMBL3957356,CCC[C@H](c1ccc(C(=O)NCCC(=O)O)cc1)C(c1ccc(OC(F)(F)F)cc1)c1csc2c(C#N)cc(Cl)cc12,10.0,250,IC50,597.0
P47871,CHEMBL1985,CHEMBL3898076,CCC[C@H](c1ccc(C(=O)NCCC(=O)O)cc1)C(c1ccc(OC(F)(F)F)cc1)c1csc2c(C#N)cc(C)cc12,9.7,288,IC50,597.0
P47871,CHEMBL1985,CHEMBL3918808,N#Cc1cc(Cl)cc2c(C(c3ccc(Cl)cc3)[C@H](CCC(F)(F)F)c3ccc(C(=O)NCCC(=O)O)cc3)csc12,9.7,288,IC50,670.0
P47871,CHEMBL1985,CHEMBL3617565,CCC[C@H](c1ccc(C(=O)NCCC(=O)O)cc1)[C@H](c1ccc(OC(F)(F)F)cc1)c1c[nH]c2c(F)cc(Cl)cc12,9.62,298,IC50,534.0
P47871,CHEMBL1985,CHEMBL3903921,CCCC[C@H](c1ccc(C(=O)NCCC(=O)O)cc1)C(c1ccc(Cl)cc1)c1csc2c(C#N)cc(Cl)cc12,9.4,325,IC50,539.0
P47871,CHEMBL1985,CHEMBL3898694,CCC[C@H](c1ccc(C(=O)NCCC(=O)O)cc1)C(c1ccc(Cl)c(Cl)c1)c1csc2c(C#N)cc(Cl)cc12,9.15,356,IC50,592.0
P47871,CHEMBL1985,CHEMBL3616693,CCCCC(c1ccc(C(=O)NCCC(=O)O)cc1)n1nc(-c2cc(C(F)(F)F)ccc2OC)c2ccc(-c3ccc(OC(F)(F)F)cc3)cc21,9.1,363,IC50,455.0
P47871,CHEMBL1985,CHEMBL480113,CCCOc1ccc2nc(N(Cc3ccc(C(=O)Nc4nnn[nH]4)cc3)[C@H]3CC[C@H](C(C)(C)C)CC3)n(C)c2c1,9.0,375,IC50,592.0
P47871,CHEMBL1985,CHEMBL149138,O=C(O)c1cccc(COc2ccc3[nH]c(SCC(=O)c4ccc(O)c(O)c4)nc3c2)c1,4.02,998,Ki,554.0
P47871,CHEMBL1985,CHEMBL158886,COc1cc(/C=N/NS(=O)(=O)c2ccc(O)c(Cl)c2)cc(OC)c1OCc1ccc(C(C)C)cc1,4.11,986,IC50,455.0
P47871,CHEMBL1985,CHEMBL148905,O=C(CSc1nc2ccccc2s1)c1ccc(O)c(O)c1,4.14,982,Ki,534.0
P47871,CHEMBL1985,CHEMBL3799656,O=C(O)CCNC(=O)c1ccc2c(c1)CCC2n1nc(-c2cc(Cl)cc(Cl)c2)cc1-c1ccco1,4.14,982,IC50,475.0
P47871,CHEMBL1985,CHEMBL106058,COc1cc(C(=O)N/N=C/c2ccc(O)c3ccccc23)cc(Cl)c1O,4.22,972,IC50,554.0
P47871,CHEMBL1985,CHEMBL358546,O=C(CSc1nnc(-c2ccccc2)[nH]1)c1ccc(O)c(O)c1,4.26,968,Ki,574.0
P47871,CHEMBL1985,CHEMBL147331,O=C(CSc1nc2cc([N+](=O)[O-])ccc2[nH]1)c1ccc(O)c(O)c1,4.26,968,Ki,435.0
P47871,CHEMBL1985,CHEMBL208053,O=C(c1ccc(OCCN2CCCC2)cc1)c1cccc2ccccc12,4.26,968,IC50,455.0
P47871,CHEMBL1985,CHEMBL1644190,O=C(O)CCCNC(=O)c1ccc(Cn2nc(-c3ccc(OC(F)(F)F)cc3)cc2-c2ccc(OC(F)(F)F)cc2)cc1,5.96,755,IC50,651.0
P47871,CHEMBL1985,CHEMBL4225050,COc1ccc2cc(-c3c(C)c(-c4cccc(C)c4)nn3C(C)c3ccc(C(=O)NCCC(=O)O)cc3)ccc2c1,5.56,805,IC50,579.0
P47871,CHEMBL1985,CHEMBL2435137,CSc1ccc(C2=NC(c3ccncc3)=C(c3ccc(F)cc3)C2)cc1,5.91,761,IC50,594.0
P47871,CHEMBL1985,CHEMBL1933362,CCCC(Oc1cnn(-c2ccc(C(F)(F)F)nc2)c1)c1ccc(C(=O)NCCC(=O)O)cc1,5.84,770,Ki,554.0
P30559,CHEMBL2049,CHEMBL3353956,CC[C@H](C)[C@@H]1NC(=O)[C@H](Cc2ccc(O)cc2)NC(=O)CCSSC[C@@H](C(=O)N(CC(=O)N[C@@H](CC(C)C)C(=O)NCC(N)=O)Cc2cccs2)NC(=O)[C@H](CC(N)=O)NC(=O)[C@H](CCC(N)=O)NC1=O,11.0,125,EC50,464.0
P30559,CHEMBL2049,CHEMBL3353948,CC[C@H](C)[C@@H]1NC(=O)[C@H](Cc2ccc(O)cc2)NC(=O)CCSSC[C@@H](C(=O)N(CC(=O)N[C@@H](CC(C)C)C(=O)NCC(N)=O)Cc2ccc(F)cc2)NC(=O)[C@H](CC(N)=O)NC(=O)[C@H](CCC(N)=O)NC1=O,11.0,125,EC50,464.0
P30559,CHEMBL2049,CHEMBL3353946,CC[C@H](C)[C@@H]1NC(=O)[C@H](Cc2ccc(O)cc2)NC(=O)CCSSC[C@@H](C(=O)N(CC(=O)N[C@@H](CC(C)C)C(=O)NCC(N)=O)Cc2cccc(C)c2)NC(=O)[C@H](CC(N)=O)NC(=O)[C@H](CCC(N)=O)NC1=O,11.0,125,EC50,464.0
P30559,CHEMBL2049,CHEMBL3353940,CCCCCCN(CC(=O)N[C@@H](CC(C)C)C(=O)NCC(N)=O)C(=O)[C@@H]1CSSCCC(=O)N[C@@H](Cc2ccc(O)cc2)C(=O)N[C@@H]([C@@H](C)CC)C(=O)N[C@@H](CCC(N)=O)C(=O)N[C@@H](CC(N)=O)C(=O)N1,11.0,125,EC50,455.0
P30559,CHEMBL2049,CHEMBL3353939,CC[C@H](C)[C@@H]1NC(=O)[C@H](Cc2ccc(O)cc2)NC(=O)CCSSC[C@@H](C(=O)N(CC(=O)N[C@@H](CC(C)C)C(=O)NCC(N)=O)C2CCCC2)NC(=O)[C@H](CC(N)=O)NC(=O)[C@H](CCC(N)=O)NC1=O,11.0,125,EC50,464.0
P30559,CHEMBL2049,CHEMBL3353932,CC[C@H](C)[C@@H]1NC(=O)[C@H](Cc2ccc(O)cc2)NC(=O)CCSSC[C@@H](C(=O)N(CC(=O)N[C@@H](CC(C)C)C(=O)NCC(N)=O)C2CCC2)NC(=O)[C@H](CC(N)=O)NC(=O)[C@H](CCC(N)=O)NC1=O,11.0,125,EC50,464.0
P30559,CHEMBL2049,CHEMBL3353930,CC[C@H](C)[C@@H]1NC(=O)[C@H](Cc2ccc(O)cc2)NC(=O)CCSSC[C@@H](C(=O)N(CC(=O)N[C@@H](CC(C)C)C(=O)NCC(N)=O)CC2CC2)NC(=O)[C@H](CC(N)=O)NC(=O)[C@H](CCC(N)=O)NC1=O,11.0,125,EC50,464.0
P30559,CHEMBL2049,CHEMBL3354592,CC[C@H](C)[C@@H]1NC(=O)[C@H](Cc2ccc(O)cc2)NC(=O)CCSCC[C@@H](C(=O)N(CC(=O)N[C@@H](CC(C)C)C(=O)NCC(N)=O)Cc2cccc(C)c2)NC(=O)[C@H](CC(N)=O)NC(=O)[C@H](CCC(N)=O)NC1=O,10.7,163,EC50,546.0
P30559,CHEMBL2049,CHEMBL415417,CC(C)C[C@H](NC(=O)[C@H](NC(=O)[C@@H]1CSSC[C@H](N)C(=O)N[C@@H](Cc2ccc(O)cc2)C(=O)N[C@@H](C(C)(C)C)C(=O)N[C@@H](CCC(N)=O)C(=O)N[C@@H](CC(N)=O)C(=O)N1)C(C)(C)C)C(=O)NCC(N)=O,4.29,964,IC50,499.0
P30559,CHEMBL2049,CHEMBL2370768,CC[C@H](C)[C@@H]1NC(=O)[C@@H]([C@@H](C)c2c(C)cc(OC)cc2C)NC(=O)[C@H](N)C(C)(C)SSC[C@@H]2NC(=O)[C@@H](CC(N)=O)NC(=O)[C@@H](CCC(=O)NCCCC[C@H](C(=O)NCC(N)=O)NC(=O)[C@H]3CCCN3C2=O)NC1=O,4.44,945,IC50,447.0
P30559,CHEMBL2049,CHEMBL2371240,CC[C@H](C)[C@@H]1NC(=O)[C@@H]2c3[nH]c4ccccc4c3CCN2C(=O)CCSSC[C@H](C(=O)N(C)CC(=O)N[C@@H](CCCN=C(N)N)C(=O)NCC(N)=O)NC(=O)[C@H](CC(N)=O)NC(=O)[C@H](CCC(N)=O)NC1=O,4.655,918,Kd,499.0
P30559,CHEMBL2049,CHEMBL2370761,CC[C@H](C)[C@@H]1NC(=O)[C@H]([C@H](C)c2c(C)cc(OC)cc2C)NC(=O)[C@H](N)C(C)(C)SSC[C@@H]2NC(=O)[C@@H](CC(N)=O)NC(=O)[C@@H](CCC(=O)NCCCC[C@H](C(=O)NCC(N)=O)NC(=O)[C@H]3CCCN3C2=O)NC1=O,4.72,910,IC50,499.0
P30559,CHEMBL2049,CHEMBL375324,NC(=O)CNC(=O)[C@H](CCCN=C(N)N)NC(=O)[C@@H]1CCCN1C(=O)[C@@H]1CSSCCC(=O)N[C@@H](Cc2ccc(O)cc2)C(=O)N[C@@H](Cc2ccccc2)C(=O)N[C@@H](CCCN=C(N)N)C(=O)N[C@@H](CC(N)=O)C(=O)N1,5.96,755,Ki,575.0
P30559,CHEMBL2049,CHEMBL2113197,CCOc1ccc(S(=O)(=O)N(c2ccc(C)cc2)C(CO)C(=O)N/N=C2\C(=O)Nc3ccccc32)cc1,5.86,768,Ki,455.0
P30559,CHEMBL2049,CHEMBL1765671,CC(C)C[C@@H]1NC(=O)[C@H](Cc2ccccc2)NC(=O)[C@H](Cc2ccc(O)cc2)NC(=O)C(O)CSSC[C@@H](C(=O)N2CCC[C@H]2C(=O)N[C@@H](CCCCNC(=O)CCCCCCCCCCN)C(=O)NCC(=O)O)NC(=O)[C@H](CC(N)=O)NC1=O,5.43,821,Ki,576.0
P30559,CHEMBL2049,CHEMBL232501,CCOc1ccc(C[C@@H]2NC(=O)CCSSC[C@@H](C(=O)N[C@H](C(=O)N[C@@H](CC(C)C)C(=O)NCC(N)=O)C(C)(C)C)NC(=O)[C@H](CC(N)=O)NC(=O)[C@H](CCC(N)=O)NC(=O)[C@H](C(C)(C)C)NC2=O)cc1,5.11,861,IC50,499.0
